Player,Position,Age,Matches_Played,Matches_Started,Minutes_Played,Goals,Assists,Goals_Assists,Expected_Goals,Expected_Assists,Progressive_Carries,Progressive_Passes,Progressive_Dribbles,Goals_P_90_Min,Assists_P_90_Min,Goals_Assists_P_90_Min,Expected_Goals_P_90_Min,Expected_Assists_P_90_Min
Max Aarons,0,23,20,13,1237,0,1,1,0.0,0.8,22,43,26,0.0,0.07,0.07,0.0,0.06
Brenden Aaronson,5,22,30,14,1267,2,2,4,2.0,1.9,37,56,91,0.14,0.14,0.28,0.14,0.13
Paxten Aaronson,4,19,7,1,101,0,1,1,0.1,0.1,2,5,7,0.0,0.89,0.89,0.11,0.07
Keyliane Abdallah,2,17,1,0,4,0,0,0,0.0,0.0,0,0,0,0.0,0.0,0.0,0.0,0.0
Yunis Abdelhamid,0,35,31,31,2781,4,0,4,3.4,0.3,36,137,9,0.13,0.0,0.13,0.11,0.01
Salis Abdul Samed,4,23,27,17,1519,0,0,0,0.8,0.5,9,78,20,0.0,0.0,0.0,0.05,0.03
Nabil Aberdin,0,20,2,2,180,0,0,0,0.0,0.0,0,7,0,0.0,0.0,0.0,0.0,0.0
Laurent Abergel,4,30,33,32,2860,2,1,3,1.1,2.2,38,194,51,0.06,0.03,0.09,0.04,0.07
Matthis Abline,2,20,22,12,1044,5,0,5,3.8,2.0,28,20,87,0.43,0.0,0.43,0.33,0.17
Abner,0,23,23,15,1400,0,1,1,0.1,1.0,14,33,58,0.0,0.06,0.06,0.01,0.06
Zakaria Aboukhlal,5,23,13,9,754,3,0,3,2.8,0.2,23,20,75,0.36,0.0,0.36,0.33,0.02
Abdel Abqar,0,24,27,27,2312,0,0,0,0.5,0.2,7,49,1,0.0,0.0,0.0,0.02,0.01
Tammy Abraham,2,25,8,2,242,1,0,1,0.6,0.1,6,4,15,0.37,0.0,0.37,0.22,0.05
Francesco Acerbi,0,35,29,26,2388,3,1,4,1.6,1.8,21,87,24,0.11,0.04,0.15,0.06,0.07
Joshua Acheampong,0,17,1,0,6,0,0,0,0.0,0.0,0,0,0,0.0,0.0,0.0,0.0,0.0
Marcos Acuña,0,31,21,18,1292,1,2,3,0.3,1.5,23,59,42,0.07,0.14,0.21,0.02,0.11
Bénie Adama Traore,5,20,8,3,387,0,0,0,0.3,0.5,7,9,14,0.0,0.0,0.0,0.06,0.13
Bénie Adama Traore,5,20,14,4,504,0,1,1,0.7,0.9,23,15,45,0.0,0.18,0.18,0.13,0.16
Akor Adams,2,23,32,27,2252,8,1,9,12.4,1.9,40,17,127,0.32,0.04,0.36,0.5,0.07
Tyler Adams,4,24,3,1,121,0,0,0,0.0,0.1,4,5,1,0.0,0.0,0.0,0.0,0.06
Junior Adamu,5,22,15,0,105,0,0,0,0.1,0.1,1,1,5,0.0,0.0,0.0,0.05,0.1
Sargis Adamyan,5,30,20,8,801,1,2,3,4.1,2.0,15,18,42,0.11,0.22,0.34,0.46,0.23
Tosin Adarabioyo,0,25,20,18,1617,2,0,2,0.7,0.1,10,62,5,0.11,0.0,0.11,0.04,0.01
Elijah Adebayo,2,25,27,16,1419,10,0,10,5.9,0.7,16,23,110,0.63,0.0,0.63,0.37,0.04
Karim Adeyemi,5,21,21,10,913,3,1,4,3.5,2.0,52,26,96,0.3,0.1,0.39,0.34,0.2
Simon Adingra,2,21,31,25,2222,6,1,7,4.3,3.7,111,50,278,0.24,0.04,0.28,0.17,0.15
Nathaniel Adjei,0,20,15,14,1243,0,0,0,0.4,0.1,10,34,4,0.0,0.0,0.0,0.03,0.01
Amine Adli,5,23,23,8,898,4,6,10,3.3,2.3,32,39,131,0.4,0.6,1.0,0.33,0.23
Yacine Adli,4,23,24,17,1407,1,2,3,0.3,2.2,30,125,26,0.06,0.13,0.19,0.02,0.14
Adson,5,22,8,2,238,0,0,0,0.2,0.1,18,15,19,0.0,0.0,0.0,0.09,0.04
Michel Aebischer,4,26,36,26,2230,0,1,1,1.1,1.5,26,125,55,0.0,0.04,0.04,0.04,0.06
Emmanuel Agbadou,0,26,32,29,2596,1,1,2,2.4,1.5,42,179,19,0.03,0.03,0.07,0.08,0.05
Julen Agirrezabala,3,22,4,2,238,0,0,0,0.0,0.0,0,0,0,0.0,0.0,0.0,0.0,0.0
Lucien Agoume,4,21,1,0,5,0,0,0,0.0,0.0,0,0,0,0.0,0.0,0.0,0.0,0.0
Lucien Agoume,4,21,12,9,777,0,0,0,0.9,0.6,7,35,9,0.0,0.0,0.0,0.1,0.07
Felix Agu,1,23,24,19,1614,0,0,0,0.9,0.6,32,32,90,0.0,0.0,0.0,0.05,0.04
Nayef Aguerd,0,27,21,21,1857,1,0,1,1.5,0.3,10,68,3,0.05,0.0,0.05,0.07,0.01
Ruben Aguilar,0,30,25,22,1922,1,3,4,1.4,2.9,36,110,162,0.05,0.14,0.19,0.07,0.14
Brandon Aguilera,2,20,1,0,5,0,0,0,0.0,0.0,0,0,1,0.0,0.0,0.0,0.0,0.0
Naouirou Ahamada,5,21,20,0,349,0,0,0,0.5,0.0,19,25,20,0.0,0.0,0.0,0.13,0.01
Anel Ahmedhodžić,0,24,31,29,2649,2,0,2,3.1,0.8,15,43,21,0.07,0.0,0.07,0.11,0.03
Joseph Aidoo,0,27,6,4,407,0,0,0,0.1,0.1,2,12,0,0.0,0.0,0.0,0.02,0.01
Ola Aina,0,26,22,20,1692,1,1,2,0.3,0.9,53,68,38,0.05,0.05,0.11,0.01,0.05
Rayan Aït-Nouri,1,22,33,29,2329,2,1,3,3.3,2.4,67,99,99,0.08,0.04,0.12,0.13,0.09
Tosin Aiyegun,5,25,19,10,902,2,0,2,1.8,0.3,17,16,52,0.2,0.0,0.2,0.18,0.03
Kristoffer Ajer,0,25,28,21,1832,2,1,3,1.3,2.3,22,61,31,0.1,0.05,0.15,0.06,0.11
Ludovic Ajorque,2,29,26,15,1360,2,0,2,5.3,1.0,5,21,88,0.13,0.0,0.13,0.35,0.06
Manuel Akanji,1,28,30,28,2511,2,0,2,1.9,0.5,46,148,36,0.07,0.0,0.07,0.07,0.02
Marley Aké,2,22,1,0,10,0,0,0,0.0,0.0,0,0,0,0.0,0.0,0.0,0.0,0.0
Nathan Aké,0,28,29,24,2042,2,2,4,2.5,1.2,24,116,18,0.09,0.09,0.18,0.11,0.05
Ilias Akhomach,5,19,31,17,1511,2,2,4,3.2,2.6,68,45,160,0.12,0.12,0.24,0.19,0.15
Sergio Akieme,0,25,19,19,1675,2,0,2,1.2,2.2,27,28,72,0.11,0.0,0.11,0.06,0.12
Sergio Akieme,0,25,13,8,818,2,0,2,1.4,0.4,20,20,34,0.22,0.0,0.22,0.16,0.04
Ebenezer Akinsanmiro,4,18,1,0,15,0,0,0,0.0,0.0,0,2,0,0.0,0.0,0.0,0.0,0.23
Maghnes Akliouche,5,21,28,18,1613,7,4,11,5.4,3.5,46,93,135,0.39,0.22,0.61,0.3,0.19
Paul Akouokou,4,25,2,0,27,0,0,0,0.0,0.0,0,1,0,0.0,0.0,0.0,0.0,0.0
Paul Akouokou,4,25,8,4,307,0,0,0,0.1,0.0,0,13,2,0.0,0.0,0.0,0.02,0.0
Jean-Daniel Akpa-Akpro,4,30,19,8,705,0,0,0,0.5,0.1,11,10,12,0.0,0.0,0.0,0.07,0.01
David Akpan Ankeye,2,21,6,0,57,0,0,0,0.0,0.0,3,1,2,0.0,0.0,0.0,0.0,0.0
Kevin Akpoguma,0,28,17,11,1097,0,0,0,0.3,0.3,10,55,9,0.0,0.0,0.0,0.02,0.02
David Alaba,0,31,14,14,1154,0,1,1,1.0,0.7,9,51,13,0.0,0.08,0.08,0.08,0.05
Luis Alberto,4,30,33,29,2311,5,7,12,4.7,4.7,83,212,124,0.19,0.27,0.47,0.18,0.18
Raúl Albiol,0,37,26,24,2031,0,1,1,0.4,0.8,8,62,0,0.0,0.04,0.04,0.02,0.04
Thiago Alcántara,4,32,1,0,6,0,0,0,0.0,0.0,0,0,0,0.0,0.0,0.0,0.0,0.0
Carlos Alcaraz,4,20,10,3,380,0,1,1,0.4,0.1,6,27,9,0.0,0.24,0.24,0.09,0.03
Rubén Alcaraz,4,32,36,36,3134,3,1,4,3.3,1.4,27,154,37,0.09,0.03,0.11,0.09,0.04
Omar Alderete,0,26,31,24,2195,0,1,1,1.2,1.0,23,98,9,0.0,0.04,0.04,0.05,0.04
Iván Alejo,4,28,30,21,1692,0,2,2,0.5,1.3,48,31,104,0.0,0.11,0.11,0.03,0.07
Carles Aleñá,4,25,29,10,1020,1,1,2,1.2,1.6,12,23,45,0.09,0.09,0.18,0.11,0.14
Trent Alexander-Arnold,0,24,28,25,2155,3,4,7,2.6,7.2,45,205,97,0.13,0.17,0.29,0.11,0.3
Aboubacar Ali,5,17,9,1,130,0,1,1,0.2,0.1,3,3,12,0.0,0.69,0.69,0.17,0.05
Mohamed Ali Cho,5,19,11,1,249,0,0,0,0.4,0.1,16,3,19,0.0,0.0,0.0,0.14,0.04
Mohamed Ali Cho,2,19,17,11,861,1,2,3,1.1,2.0,48,25,77,0.1,0.21,0.31,0.12,0.21
Faride Alidou,5,22,26,14,1282,4,0,4,3.0,0.6,51,33,95,0.28,0.0,0.28,0.21,0.04
Nabil Alioui,5,24,18,12,1009,4,1,5,2.4,2.2,22,43,72,0.36,0.09,0.45,0.21,0.19
Alisson,3,30,28,28,2520,0,0,0,0.0,0.0,0,5,0,0.0,0.0,0.0,0.0,0.0
Tadeo Allende,5,24,10,2,336,1,0,1,1.2,0.4,9,7,25,0.27,0.0,0.27,0.33,0.1
Jim Allevinah,1,28,29,22,1861,2,1,3,2.6,1.2,87,52,120,0.1,0.05,0.15,0.12,0.06
Domingos André Ribeiro Almeida,5,23,18,12,965,2,1,3,0.6,1.2,24,50,33,0.19,0.09,0.28,0.05,0.11
Miguel Almirón,2,29,33,23,1937,3,1,4,4.5,2.6,78,78,162,0.14,0.05,0.19,0.21,0.12
Pontus Almqvist,5,24,30,25,2107,2,1,3,2.3,2.7,72,32,137,0.09,0.04,0.13,0.1,0.12
Marcos Alonso,0,32,5,3,252,0,0,0,0.1,0.5,11,14,33,0.0,0.0,0.0,0.03,0.18
Adrià Altimira,1,22,11,10,775,0,0,0,0.0,0.1,10,29,15,0.0,0.0,0.0,0.0,0.01
Sergi Altimira,4,21,14,6,568,1,0,1,0.2,0.3,10,31,8,0.16,0.0,0.16,0.03,0.04
Edson Álvarez,4,25,31,28,2377,1,1,2,1.3,0.6,20,91,26,0.04,0.04,0.08,0.05,0.02
Gastón Álvarez,0,23,34,29,2537,2,0,2,0.7,0.6,11,63,40,0.07,0.0,0.07,0.03,0.02
Hugo Álvarez,1,20,12,8,762,1,1,2,1.0,1.5,36,34,80,0.12,0.12,0.24,0.12,0.18
Julián Álvarez,5,23,36,31,2647,11,8,19,13.0,6.4,64,103,180,0.37,0.27,0.65,0.44,0.22
Yeray Álvarez,0,28,19,14,1152,0,0,0,0.3,0.1,13,55,2,0.0,0.0,0.0,0.02,0.01
Skelly Alvero,4,21,8,6,426,1,0,1,0.4,0.0,3,27,13,0.21,0.0,0.21,0.09,0.0
Skelly Alvero,4,21,6,1,123,1,0,1,0.3,0.0,1,9,6,0.73,0.0,0.73,0.24,0.03
Papa Amadou Diallo,2,19,16,9,889,2,1,3,2.6,0.9,25,30,65,0.2,0.1,0.3,0.26,0.09
Selim Amallah,5,26,20,7,604,0,1,1,0.4,0.3,7,21,36,0.0,0.15,0.15,0.06,0.05
Amath,5,27,15,3,394,0,0,0,1.6,0.4,19,13,30,0.0,0.0,0.0,0.35,0.09
Lorenzo Amatucci,4,19,2,0,22,0,0,0,0.0,0.0,1,2,1,0.0,0.0,0.0,0.04,0.0
Jordan Amavi,0,29,2,1,91,1,0,1,0.1,0.0,0,2,1,0.99,0.0,0.99,0.1,0.0
Zeki Amdouni,2,22,34,27,1953,5,1,6,5.8,1.4,63,49,93,0.23,0.05,0.28,0.27,0.07
Kelvin Amian,0,25,12,11,798,0,1,1,0.1,0.6,12,28,21,0.0,0.11,0.11,0.01,0.07
Bruno Amione,0,21,10,7,579,0,0,0,0.3,0.0,2,17,2,0.0,0.0,0.0,0.05,0.01
Michael Amir Murillo,0,27,16,10,997,3,2,5,0.8,1.2,6,35,52,0.27,0.18,0.45,0.07,0.11
Nadiem Amiri,4,26,15,15,1315,1,4,5,2.2,4.3,16,88,22,0.07,0.27,0.34,0.15,0.3
Nadiem Amiri,4,26,8,1,86,0,0,0,0.1,0.0,5,6,6,0.0,0.0,0.0,0.13,0.03
Kofi Amoako,4,18,2,0,2,0,0,0,0.0,0.0,0,0,0,0.0,0.0,0.0,0.0,0.0
Sofyan Amrabat,1,26,21,10,938,0,0,0,0.1,0.3,6,66,10,0.0,0.0,0.0,0.01,0.03
Joachim Andersen,0,27,38,38,3415,2,3,5,1.7,2.8,21,147,10,0.05,0.08,0.13,0.04,0.07
Elliot Anderson,5,20,21,10,1027,0,2,2,1.5,1.9,37,57,70,0.0,0.18,0.18,0.13,0.17
Felipe Anderson,5,30,38,33,2770,5,6,11,4.4,6.3,108,126,226,0.16,0.19,0.36,0.14,0.21
Benjamin André,4,32,30,29,2570,4,0,4,2.6,1.3,19,180,37,0.14,0.0,0.14,0.09,0.05
Komnen Andrić,2,28,7,1,169,0,0,0,0.1,0.2,0,5,24,0.0,0.0,0.0,0.03,0.1
Robert Andrich,1,28,28,18,1690,4,2,6,1.7,1.8,20,97,14,0.21,0.11,0.32,0.09,0.1
Miguel Ángel Rubio,0,25,19,17,1560,1,0,1,0.8,0.1,7,27,1,0.06,0.0,0.06,0.05,0.0
Angeliño,0,26,16,14,1141,0,1,1,0.2,1.6,12,40,55,0.0,0.08,0.08,0.01,0.12
Fabrizio Angileri,1,29,11,2,164,0,0,0,0.0,1.3,2,7,6,0.0,0.0,0.0,0.0,0.73
Jaidon Anthony,2,23,3,2,152,0,0,0,0.1,0.0,2,8,9,0.0,0.0,0.0,0.04,0.0
Waldemar Anton,0,27,33,32,2886,0,3,3,1.7,1.0,38,172,15,0.0,0.09,0.09,0.05,0.03
Michail Antonio,2,33,26,21,1695,6,2,8,5.8,0.9,48,22,104,0.32,0.11,0.42,0.31,0.05
Antony,2,23,29,15,1324,1,1,2,3.4,2.8,53,64,149,0.07,0.07,0.14,0.23,0.19
Christopher Antwi-Adjei,5,29,25,11,1216,2,2,4,2.2,3.5,50,28,138,0.15,0.15,0.3,0.16,0.26
Houssem Aouar,5,25,16,9,756,4,0,4,2.3,0.5,17,26,59,0.48,0.0,0.48,0.28,0.05
Stredair Appuah,5,19,4,0,84,0,0,0,0.4,0.0,3,0,2,0.0,0.0,0.0,0.46,0.0
Mauro Arambarri,4,27,7,3,339,0,0,0,0.5,0.0,2,20,6,0.0,0.0,0.0,0.14,0.01
Jon Aramburu,0,21,11,5,543,0,0,0,0.1,0.0,6,26,25,0.0,0.0,0.0,0.02,0.0
Asaf Arania,4,17,1,0,6,0,0,0,0.0,0.0,0,0,2,0.0,0.0,0.0,0.0,0.0
Julian Araujo,0,21,25,15,1462,1,0,1,0.7,1.2,23,74,47,0.06,0.0,0.06,0.04,0.07
Ronald Araújo,0,24,25,21,1997,1,2,3,2.1,1.4,24,101,11,0.05,0.09,0.14,0.09,0.07
Oliver Arblaster,4,19,12,11,943,0,0,0,0.0,0.7,13,43,4,0.0,0.0,0.0,0.0,0.07
Cameron Archer,5,22,29,21,1832,4,1,5,5.5,2.8,33,15,113,0.2,0.05,0.25,0.27,0.14
Cameron Archer,4,22,1,0,6,0,0,0,0.0,0.0,1,0,0,0.0,0.0,0.0,0.0,0.0
Alphonse Areola,3,30,31,31,2699,0,0,0,0.0,0.0,0,1,0,0.0,0.0,0.0,0.0,0.0
Adu Ares,2,21,12,2,265,0,0,0,0.1,0.0,13,3,39,0.0,0.0,0.0,0.04,0.01
Jesús Areso,0,24,37,29,2660,1,6,7,0.2,3.6,78,106,180,0.03,0.2,0.24,0.01,0.12
Simone Aresti,3,37,1,0,1,0,0,0,0.0,0.0,0,0,0,0.0,0.0,0.0,0.0,0.0
Matias Arezo,2,20,14,3,369,0,0,0,1.2,0.1,6,5,17,0.0,0.0,0.0,0.28,0.01
Iñigo Arguibide,0,18,1,0,17,0,0,0,0.0,0.0,0,0,0,0.0,0.0,0.0,0.0,0.0
Yoël Armougom,1,25,5,2,234,0,0,0,0.0,0.3,6,12,25,0.0,0.0,0.0,0.01,0.11
José Arnaiz,5,28,26,9,929,2,1,3,1.7,1.8,23,11,85,0.19,0.1,0.29,0.17,0.17
Hákon Arnar Haraldsson,5,20,26,15,1284,2,0,2,0.8,1.5,25,48,90,0.14,0.0,0.14,0.05,0.1
Marko Arnautović,2,34,27,5,801,5,3,8,5.0,2.6,12,20,77,0.56,0.34,0.9,0.56,0.29
Maximilian Arnold,4,29,30,27,2506,2,1,3,1.0,3.9,20,143,19,0.07,0.04,0.11,0.04,0.14
Mohamed El Arouch,2,19,1,0,2,0,0,0,0.0,0.0,0,0,0,0.0,0.0,0.0,0.0,0.0
Sergio Arribas,5,21,34,22,2047,9,4,13,8.6,3.7,56,81,94,0.4,0.18,0.57,0.38,0.16
Kepa Arrizabalaga,3,28,14,13,1198,0,0,0,0.0,0.0,0,0,0,0.0,0.0,0.0,0.0,0.0
Arthur,0,20,4,2,184,0,2,2,0.1,0.3,8,7,28,0.0,0.98,0.98,0.04,0.15
Takuma Asano,5,28,29,26,1986,6,1,7,7.9,1.3,56,32,167,0.27,0.05,0.32,0.36,0.06
Marco Asensio,5,27,19,13,1113,4,5,9,3.2,5.8,36,71,92,0.32,0.4,0.73,0.26,0.47
Kristjan Asllani,4,21,23,6,787,1,2,3,0.6,1.1,5,32,8,0.11,0.23,0.34,0.07,0.12
Joel Asoro,5,24,20,10,848,2,1,3,0.6,0.3,14,16,43,0.21,0.11,0.32,0.06,0.03
Jonathan Asp Jensen,2,17,1,0,1,0,0,0,0.0,0.0,0,0,0,0.0,0.0,0.0,0.0,0.0
Iago Aspas,2,35,35,31,2707,9,10,19,11.5,10.1,84,161,202,0.3,0.33,0.63,0.38,0.34
Lorenz Assignon,0,23,15,15,1234,1,2,3,0.4,2.6,38,34,57,0.07,0.15,0.22,0.03,0.19
Lorenz Assignon,0,23,14,12,1011,1,1,2,0.4,1.8,28,51,67,0.09,0.09,0.18,0.04,0.16
Youcef Atal,0,27,6,5,359,1,0,1,0.1,0.8,9,15,5,0.25,0.0,0.25,0.03,0.2
Valentin Atangana Edoa,4,17,15,7,555,0,0,0,0.5,0.1,10,21,17,0.0,0.0,0.0,0.08,0.02
Arthur Atta,5,20,21,10,924,1,2,3,0.6,1.3,16,48,22,0.1,0.19,0.29,0.06,0.13
Noah Atubolu,3,21,34,34,3060,0,0,0,0.0,0.0,0,1,0,0.0,0.0,0.0,0.0,0.0
Pierre-Emerick Aubameyang,2,34,34,30,2622,17,8,25,20.5,5.6,68,58,235,0.58,0.27,0.86,0.7,0.19
Emil Audero,3,26,4,4,337,0,0,0,0.0,0.0,0,0,0,0.0,0.0,0.0,0.0,0.0
Tommaso Augello,0,28,32,28,2418,1,1,2,0.5,2.0,62,96,99,0.04,0.04,0.07,0.02,0.07
Carlos Augusto,0,24,37,14,1725,0,3,3,1.0,2.8,42,54,88,0.0,0.16,0.16,0.05,0.15
Yann Aurel Bisseck,0,22,16,9,904,2,0,2,0.9,0.5,24,30,20,0.2,0.0,0.2,0.09,0.05
Serge Aurier,1,30,12,10,833,0,2,2,0.2,0.5,10,47,29,0.0,0.22,0.22,0.02,0.05
Ezequiel Ávila,5,29,17,10,864,1,3,4,2.0,2.3,14,39,75,0.1,0.31,0.42,0.21,0.24
Ezequiel Ávila,2,29,6,4,298,1,0,1,0.7,0.1,7,6,31,0.3,0.0,0.3,0.22,0.02
Taiwo Awoniyi,2,25,20,12,1042,6,3,9,4.7,1.7,8,14,45,0.52,0.26,0.78,0.41,0.15
André Ayew,2,33,19,12,1104,5,0,5,3.1,0.8,14,23,65,0.41,0.0,0.41,0.25,0.07
Jordan Ayew,5,31,35,30,2543,4,7,11,3.9,4.2,74,63,173,0.14,0.25,0.39,0.14,0.15
Neil El Aynaoui,4,22,25,17,1566,1,2,3,2.4,0.8,25,59,44,0.06,0.11,0.17,0.14,0.05
Sardar Azmoun,5,28,23,3,585,3,0,3,2.9,1.4,5,14,35,0.46,0.0,0.46,0.44,0.21
César Azpilicueta,0,33,25,14,1423,0,2,2,0.6,2.4,39,77,39,0.0,0.13,0.13,0.04,0.15
Paulo Azzi,1,29,25,9,950,0,0,0,1.2,0.7,47,35,42,0.0,0.0,0.0,0.12,0.06
Oussama El Azzouzi,4,22,18,5,547,2,2,4,0.5,0.6,4,19,8,0.33,0.33,0.66,0.08,0.09
Abdellah Baallal,4,18,1,0,4,0,0,0,0.0,0.0,0,0,0,0.0,0.0,0.0,0.0,0.0
Iddrisu Baba,4,27,25,14,1430,0,0,0,0.7,0.6,1,60,5,0.0,0.0,0.0,0.05,0.04
Srđan Babić,0,27,1,1,90,0,0,0,0.0,0.0,1,6,0,0.0,0.0,0.0,0.04,0.0
Shavy Babicka,5,23,12,4,373,1,0,1,0.6,0.1,17,8,64,0.24,0.0,0.24,0.14,0.03
Loïc Bade,0,23,28,27,2277,0,1,1,0.9,0.5,15,76,3,0.0,0.04,0.04,0.04,0.02
Milan Badelj,4,34,33,32,2535,1,3,4,1.4,1.1,18,151,36,0.04,0.11,0.14,0.05,0.04
Matthias Bader,1,26,24,21,1802,1,2,3,0.7,2.3,38,67,66,0.05,0.1,0.15,0.04,0.12
Benoît Badiashile,0,22,18,15,1338,0,1,1,0.3,1.5,3,46,3,0.0,0.07,0.07,0.02,0.1
Alex Baena,5,22,34,33,2579,2,14,16,7.9,9.2,84,165,181,0.07,0.49,0.56,0.27,0.32
Jaime Báez,5,28,11,6,500,1,0,1,0.5,0.5,12,29,39,0.18,0.0,0.18,0.08,0.1
Nicola Bagnolini,3,19,1,0,5,0,0,0,0.0,0.0,0,0,0,0.0,0.0,0.0,0.0,0.0
Leon Bailey,5,25,35,22,2068,10,9,19,6.3,9.2,102,82,226,0.44,0.39,0.83,0.27,0.4
Eric Bailly,0,29,10,9,839,0,0,0,0.2,0.0,3,18,1,0.0,0.0,0.0,0.02,0.0
Stefan Bajcetic,4,18,1,0,26,0,0,0,0.0,0.0,0,1,0,0.0,0.0,0.0,0.0,0.0
Nedim Bajrami,5,24,28,15,1310,2,2,4,2.5,2.2,51,49,70,0.14,0.14,0.27,0.17,0.15
Cédric Bakambu,2,32,4,2,194,0,0,0,0.4,0.3,5,4,12,0.0,0.0,0.0,0.2,0.13
Tiemoué Bakayoko,4,28,20,15,1314,2,1,3,1.7,0.5,14,54,15,0.14,0.07,0.21,0.12,0.03
Mitchel Bakker,0,23,14,3,382,1,0,1,0.2,0.1,12,10,20,0.24,0.0,0.24,0.05,0.03
Ridle Baku,1,25,33,22,2013,1,0,1,1.8,3.0,37,85,130,0.04,0.0,0.04,0.08,0.13
Dilane Bakwa,5,20,31,25,2177,3,6,9,3.2,6.2,94,92,204,0.12,0.25,0.37,0.13,0.26
Tommaso Baldanzi,5,20,14,8,745,2,0,2,2.1,1.0,20,30,40,0.24,0.0,0.24,0.25,0.13
Tommaso Baldanzi,5,20,13,6,518,0,0,0,0.9,0.7,18,14,54,0.0,0.0,0.0,0.15,0.12
Alejandro Balde,0,19,18,15,1378,0,1,1,0.1,1.2,73,41,141,0.0,0.07,0.07,0.01,0.08
George Baldock,0,30,13,11,969,0,1,1,0.0,0.8,9,31,24,0.0,0.09,0.09,0.0,0.07
Carlos Baleba,4,19,27,15,1325,0,0,0,0.8,0.3,19,50,9,0.0,0.0,0.0,0.06,0.02
Carlos Baleba,4,19,2,1,61,0,0,0,0.0,0.0,1,3,1,0.0,0.0,0.0,0.05,0.0
Leonardo Balerdi,0,24,27,26,2271,2,0,2,0.9,0.2,19,122,6,0.08,0.0,0.08,0.03,0.01
Iván Balliu,0,31,33,32,2873,0,1,1,0.7,2.6,50,98,100,0.0,0.03,0.03,0.02,0.08
Fodé Ballo-Touré,1,26,6,0,71,0,0,0,0.0,0.0,5,0,4,0.0,0.0,0.0,0.0,0.0
Folarin Balogun,2,22,29,19,1692,7,5,12,11.0,3.3,35,30,199,0.37,0.27,0.64,0.59,0.18
Jonathan Bamba,5,27,27,24,1981,3,2,5,3.0,4.7,107,80,169,0.14,0.09,0.23,0.14,0.21
Mohamed Bamba,2,21,16,14,1138,8,3,11,6.4,2.1,25,16,69,0.63,0.24,0.87,0.51,0.16
Samuel Bamba,2,19,2,0,47,0,0,0,0.3,0.1,5,2,7,0.0,0.0,0.0,0.51,0.15
Lameck Banda,2,22,21,17,1350,2,4,6,3.6,1.9,70,22,136,0.13,0.27,0.4,0.24,0.13
Daniel Bandeira,4,23,14,3,446,0,0,0,0.1,0.2,9,34,8,0.0,0.0,0.0,0.01,0.04
Mamady Bangré,5,22,8,0,101,0,1,1,0.1,0.7,10,9,12,0.0,0.89,0.89,0.12,0.59
Mattia Bani,0,29,27,27,2306,2,0,2,1.2,0.1,5,37,4,0.08,0.0,0.08,0.05,0.0
Léo Baptistão,2,30,32,22,1837,6,0,6,5.3,1.8,26,45,88,0.29,0.0,0.29,0.25,0.09
Shandon Baptiste,4,25,10,2,229,1,1,2,0.9,0.2,3,5,1,0.39,0.39,0.79,0.35,0.08
Antonín Barák,5,28,21,8,808,2,3,5,1.5,2.2,17,33,64,0.22,0.33,0.56,0.17,0.25
Bradley Barcola,2,20,3,3,270,0,0,0,0.1,0.3,11,9,31,0.0,0.0,0.0,0.02,0.1
Bradley Barcola,5,20,25,18,1370,4,7,11,4.5,5.2,93,56,216,0.26,0.46,0.72,0.3,0.34
Melvin Bard,0,22,32,31,2654,1,2,3,0.5,2.8,60,111,99,0.03,0.07,0.1,0.02,0.1
Nicolò Barella,4,26,37,34,2846,2,3,5,5.1,3.4,68,278,144,0.06,0.09,0.16,0.16,0.11
Kike Barja,5,26,16,3,303,0,0,0,0.2,0.5,17,8,41,0.0,0.0,0.0,0.07,0.14
Ross Barkley,4,29,32,30,2618,5,4,9,4.1,3.7,48,163,39,0.17,0.14,0.31,0.14,0.13
Aymen Barkok,5,25,13,1,321,1,0,1,1.7,0.3,14,16,33,0.28,0.0,0.28,0.48,0.07
Harvey Barnes,5,25,21,7,802,5,3,8,3.6,3.2,45,34,79,0.56,0.34,0.9,0.4,0.36
Leandro Barreiro Martins,4,23,31,29,2606,4,1,5,4.5,1.1,22,93,46,0.14,0.03,0.17,0.16,0.04
Enzo Barrenechea,4,22,36,32,2811,0,1,1,0.6,1.7,10,155,24,0.0,0.03,0.03,0.02,0.05
Ander Barrenetxea,5,21,29,20,1427,4,1,5,3.5,1.3,56,39,163,0.25,0.06,0.32,0.22,0.08
Pablo Barrios,4,20,24,17,1555,0,1,1,0.9,1.9,37,98,56,0.0,0.06,0.06,0.05,0.11
Davide Bartesaghi,1,17,6,0,79,0,0,0,0.0,0.0,1,3,4,0.0,0.0,0.0,0.0,0.0
Marc Bartra,0,32,3,3,225,0,0,0,0.2,0.0,2,5,0,0.0,0.0,0.0,0.08,0.0
Federico Baschirotto,0,26,37,37,3294,0,1,1,1.7,0.7,28,96,3,0.0,0.03,0.03,0.05,0.02
Steven Baseya,0,18,2,0,6,0,0,0,0.0,0.0,0,0,0,0.0,0.0,0.0,0.0,0.0
Chris Basham,1,35,8,3,321,0,0,0,0.1,0.3,1,7,6,0.0,0.0,0.0,0.04,0.07
Toma Bašić,4,26,15,14,1162,0,0,0,0.6,0.5,11,53,16,0.0,0.0,0.0,0.05,0.04
Calvin Bassey,0,23,29,25,2303,1,0,1,0.3,0.0,15,62,4,0.04,0.0,0.04,0.01,0.0
Alessandro Bastoni,0,24,28,28,2268,1,3,4,1.2,3.4,63,142,77,0.04,0.12,0.16,0.05,0.13
Simone Bastoni,1,26,16,9,745,1,0,1,0.4,0.5,12,31,26,0.12,0.0,0.12,0.05,0.06
Augusto Batalla,3,27,17,17,1530,0,0,0,0.0,0.0,0,1,1,0.0,0.0,0.0,0.0,0.0
Daniel Batz,3,32,4,4,360,0,0,0,0.0,0.0,0,0,0,0.0,0.0,0.0,0.0,0.0
Maximilian Bauer,0,23,14,9,810,1,0,1,1.4,0.0,2,25,1,0.11,0.0,0.11,0.15,0.0
Elias Baum,1,17,4,0,28,0,0,0,0.0,0.0,0,0,2,0.0,0.0,0.0,0.0,0.0
Oliver Baumann,3,33,34,34,3060,0,1,1,0.0,0.2,0,1,0,0.0,0.03,0.03,0.0,0.01
Christoph Baumgartner,5,23,32,11,1158,5,1,6,3.7,1.6,36,47,86,0.39,0.08,0.47,0.28,0.12
Bebé,5,33,19,0,212,2,0,2,1.4,0.2,17,6,24,0.85,0.0,0.85,0.61,0.09
Mohamed Bechikh,5,18,2,0,14,0,0,0,0.0,0.0,0,0,3,0.0,0.0,0.0,0.0,0.0
Adrian Beck,5,26,23,11,974,1,1,2,1.7,0.8,17,29,43,0.09,0.09,0.18,0.16,0.07
Owen Beck,0,20,1,0,8,0,0,0,0.0,0.0,0,0,1,0.0,0.0,0.0,0.0,0.0
Sheraldo Becker,5,28,15,8,771,2,2,4,1.4,1.8,28,13,87,0.23,0.23,0.47,0.17,0.21
Sheraldo Becker,5,28,11,7,645,0,1,1,0.8,1.8,32,20,73,0.0,0.14,0.14,0.12,0.25
Chris Bedia,5,27,7,0,145,1,0,1,0.2,0.2,1,1,6,0.62,0.0,0.62,0.13,0.11
Donny van de Beek,0,26,1,0,3,0,0,0,0.0,0.1,0,0,1,0.0,0.0,0.0,1.09,4.44
Donny van de Beek,5,26,8,4,357,0,0,0,0.1,0.4,2,10,12,0.0,0.0,0.0,0.02,0.09
Yanis Begraoui,5,22,14,3,300,0,0,0,0.4,0.1,9,8,30,0.0,0.0,0.0,0.12,0.03
Kevin Behrens,2,32,13,7,616,1,1,2,1.6,0.9,7,17,41,0.15,0.15,0.29,0.23,0.13
Kevin Behrens,2,32,18,14,1262,4,0,4,6.0,0.9,11,45,93,0.29,0.0,0.29,0.43,0.06
Maximilian Beier,5,20,33,29,2420,16,1,17,11.4,2.4,61,30,224,0.6,0.04,0.63,0.43,0.09
Jérémie Bela,5,30,12,1,203,0,0,0,0.2,0.1,14,10,33,0.0,0.0,0.0,0.1,0.05
Reda Belahyane,4,19,2,1,90,0,0,0,0.0,0.0,1,4,2,0.0,0.0,0.0,0.03,0.0
Reda Belahyane,4,19,1,0,27,0,0,0,0.0,0.0,1,1,0,0.0,0.0,0.0,0.0,0.0
Amari'i Bell,0,29,21,21,1720,0,0,0,0.3,0.5,32,76,10,0.0,0.0,0.0,0.01,0.02
Stefan Bell,0,31,10,8,666,0,0,0,0.2,0.1,0,23,2,0.0,0.0,0.0,0.03,0.01
Alaa Bellaarouch,3,21,15,15,1350,0,0,0,0.0,0.0,0,0,0,0.0,0.0,0.0,0.0,0.0
Raoul Bellanova,0,23,37,36,3046,1,7,8,2.0,5.0,141,98,202,0.03,0.21,0.24,0.06,0.15
Jean-Ricner Bellegarde,5,25,22,10,958,2,1,3,1.6,1.0,30,39,49,0.19,0.09,0.28,0.15,0.09
Jean-Ricner Bellegarde,5,25,3,3,269,2,2,4,0.6,1.5,9,11,10,0.67,0.67,1.34,0.19,0.51
Héctor Bellerín,0,28,23,20,1711,0,1,1,0.2,1.6,32,81,80,0.0,0.05,0.05,0.01,0.08
Jude Bellingham,4,20,28,27,2315,19,6,25,11.1,5.3,85,196,177,0.74,0.23,0.97,0.43,0.21
Jeanuël Belocian,0,18,23,16,1448,0,1,1,0.5,0.4,16,60,37,0.0,0.06,0.06,0.03,0.02
Andrea Belotti,2,29,15,11,949,3,0,3,3.7,0.7,10,15,60,0.28,0.0,0.28,0.35,0.07
Andrea Belotti,2,29,14,6,679,3,2,5,2.4,1.2,15,8,49,0.4,0.27,0.66,0.32,0.16
Fran Beltrán,4,24,33,28,2428,0,0,0,0.7,1.1,28,134,30,0.0,0.0,0.0,0.03,0.04
Lucas Beltrán,5,22,32,21,1692,6,2,8,3.8,1.5,12,49,113,0.32,0.11,0.43,0.2,0.08
Eliesse Ben Seghir,5,18,13,4,428,2,1,3,0.8,0.5,26,21,56,0.42,0.21,0.63,0.17,0.1
Anis Ben Slimane,4,22,15,4,419,0,0,0,0.8,0.3,3,12,21,0.0,0.0,0.0,0.17,0.06
Wissam Ben Yedder,2,32,32,26,2316,16,2,18,12.4,4.3,52,96,229,0.62,0.08,0.7,0.48,0.17
Carlos Benavídez,4,25,29,10,1136,3,1,4,1.0,0.5,9,60,5,0.24,0.08,0.32,0.08,0.04
Ismaël Bennacer,4,25,20,13,1151,2,2,4,1.7,2.5,24,68,33,0.16,0.16,0.31,0.13,0.19
Saïd Benrahma,5,27,13,5,620,0,1,1,1.8,1.4,28,28,70,0.0,0.15,0.15,0.27,0.21
Saïd Benrahma,5,27,12,10,770,3,3,6,1.6,3.6,46,34,113,0.35,0.35,0.7,0.19,0.42
Ramy Bensebaini,0,28,17,11,1033,0,0,0,1.7,0.4,17,75,63,0.0,0.0,0.0,0.15,0.03
Nabil Bentaleb,4,28,26,23,1967,0,3,3,0.4,0.9,11,136,17,0.0,0.14,0.14,0.02,0.04
Rodrigo Bentancur,4,26,23,13,1005,1,1,2,1.9,0.5,16,72,31,0.09,0.09,0.18,0.17,0.04
Daniel Bentley,3,30,5,3,383,0,0,0,0.0,0.0,0,0,0,0.0,0.0,0.0,0.0,0.0
Lucas Beraldo,0,19,13,12,1008,1,0,1,1.0,0.2,7,44,2,0.09,0.0,0.09,0.09,0.02
Domenico Berardi,2,28,17,17,1431,9,3,12,6.5,3.0,38,83,123,0.57,0.19,0.75,0.41,0.19
Yuri Berchiche,0,33,27,22,1930,3,1,4,0.9,1.6,36,132,77,0.14,0.05,0.19,0.04,0.08
Álex Berenguer,2,28,35,15,1592,7,3,10,5.2,3.7,61,30,143,0.4,0.17,0.57,0.29,0.21
Bartosz Bereszyński,0,31,24,22,1762,0,1,1,0.1,0.3,15,69,18,0.0,0.05,0.05,0.0,0.02
Jóhann Berg Guðmundsson,5,32,26,12,1192,1,3,4,1.9,2.7,13,59,69,0.08,0.23,0.3,0.14,0.2
Sander Berge,4,25,37,34,3005,1,2,3,1.9,2.4,64,164,29,0.03,0.06,0.09,0.06,0.07
Etrit Berisha,3,34,14,14,1260,0,0,0,0.0,0.0,0,0,0,0.0,0.0,0.0,0.0,0.0
Medon Berisha,5,19,6,2,205,0,0,0,0.2,0.2,3,7,3,0.0,0.0,0.0,0.07,0.11
Mergim Berisha,2,25,6,0,144,0,0,0,0.5,0.3,2,3,13,0.0,0.0,0.0,0.32,0.19
Mergim Berisha,2,25,2,2,122,0,0,0,0.2,0.1,3,1,5,0.0,0.0,0.0,0.13,0.07
Isaac Bernal,2,23,14,14,1039,4,4,8,7.3,1.7,31,16,64,0.35,0.35,0.69,0.63,0.15
Bernardo,0,28,33,33,2924,1,0,1,1.9,0.5,26,127,38,0.03,0.0,0.03,0.06,0.01
Victor Bernth Kristiansen,0,20,32,26,2307,0,3,3,0.3,2.4,23,123,74,0.0,0.12,0.12,0.01,0.09
Matúš Bero,5,27,24,20,1661,1,1,2,2.9,1.3,12,48,71,0.05,0.05,0.11,0.16,0.07
Luke Berry,1,31,17,2,323,2,1,3,1.0,0.3,1,8,7,0.56,0.28,0.84,0.28,0.07
Dimitry Bertaud,3,25,4,4,360,0,0,0,0.0,0.0,0,0,0,0.0,0.0,0.0,0.0,0.0
Jan-Niklas Beste,5,24,31,31,2603,8,11,19,4.3,5.7,80,57,136,0.28,0.38,0.66,0.15,0.2
Beto,2,25,30,9,951,3,0,3,6.8,0.9,14,14,58,0.28,0.0,0.28,0.64,0.09
Beto,2,25,1,1,74,0,0,0,0.0,0.3,0,2,5,0.0,0.0,0.0,0.0,0.32
Davide Bettella,4,23,1,0,3,0,0,0,0.0,0.0,0,0,0,0.0,0.0,0.0,0.0,0.0
Sam Beukema,0,24,30,29,2547,1,1,2,1.9,0.8,14,76,5,0.04,0.04,0.07,0.07,0.03
Jordan Beyer,0,23,15,15,1234,0,1,1,0.5,0.3,9,25,1,0.0,0.07,0.07,0.04,0.02
Pep Biel,5,26,11,0,285,0,0,0,1.0,0.2,2,16,16,0.0,0.0,0.0,0.32,0.07
Jaka Bijol,0,24,24,23,2084,0,0,0,1.9,0.2,5,42,1,0.0,0.0,0.0,0.08,0.01
El Bilal Touré,2,21,11,3,394,2,0,2,1.2,0.8,16,11,39,0.46,0.0,0.46,0.28,0.18
Philip Billing,4,27,29,13,1398,2,2,4,2.5,3.2,22,53,63,0.13,0.13,0.26,0.16,0.21
Cristiano Biraghi,0,30,29,27,2356,2,5,7,1.6,3.6,55,129,109,0.08,0.19,0.27,0.06,0.14
Davide Biraschi,0,29,1,1,90,1,0,1,0.1,0.0,0,5,4,1.0,0.0,1.0,0.1,0.0
Samuele Birindelli,0,24,35,22,2013,0,2,2,1.1,2.9,63,70,122,0.0,0.09,0.09,0.05,0.13
Tom Bischof,5,18,13,1,178,0,2,2,0.4,0.8,2,18,18,0.0,1.01,1.01,0.19,0.4
Yves Bissouma,4,26,28,26,2068,0,0,0,1.4,0.4,43,169,13,0.0,0.0,0.0,0.06,0.02
Leonardo Bittencourt,4,29,29,19,1578,1,2,3,2.2,2.9,61,85,74,0.06,0.11,0.17,0.13,0.17
Marco Bizot,3,32,32,32,2876,0,0,0,0.0,0.1,0,1,0,0.0,0.0,0.0,0.0,0.0
Antonio Blanco,4,23,33,29,2426,0,1,1,0.8,1.2,20,133,22,0.0,0.04,0.04,0.03,0.05
Rubén Blanco,3,28,2,1,121,0,0,0,0.0,0.0,0,2,0,0.0,0.0,0.0,0.0,0.0
Hendry Blank,0,18,1,0,45,0,0,0,0.0,0.0,0,1,0,0.0,0.0,0.0,0.0,0.0
Ludovic Blas,5,25,29,18,1563,4,1,5,4.7,1.7,46,59,157,0.23,0.06,0.29,0.27,0.1
Janis Blaswich,3,32,21,21,1890,0,0,0,0.0,0.1,0,3,0,0.0,0.0,0.0,0.0,0.0
Alexis Blin,4,26,31,16,1642,0,2,2,1.1,0.7,7,60,11,0.0,0.11,0.11,0.06,0.04
Daley Blind,0,33,34,33,2972,1,2,3,1.7,1.1,48,209,22,0.03,0.06,0.09,0.05,0.03
Myron Boadu,2,22,9,0,85,1,0,1,0.4,0.0,3,1,9,1.06,0.0,1.06,0.46,0.0
Jérôme Boateng,0,34,7,4,238,0,0,0,0.0,0.1,0,9,1,0.0,0.0,0.0,0.0,0.05
Oscar Bobb,5,20,14,2,302,1,1,2,1.4,1.2,13,25,38,0.3,0.3,0.6,0.41,0.37
Sacha Boey,0,22,2,1,109,0,0,0,0.2,0.0,1,5,8,0.0,0.0,0.0,0.2,0.0
Jeremie Boga,2,26,28,24,1998,6,6,12,4.3,4.2,107,64,170,0.27,0.27,0.54,0.19,0.19
Jayden Bogle,0,23,34,32,2788,3,0,3,2.3,1.0,38,60,92,0.1,0.0,0.1,0.07,0.03
Emil Bohinen,4,24,5,0,56,0,0,0,0.0,0.1,1,3,1,0.0,0.0,0.0,0.0,0.17
Emil Bohinen,4,24,12,7,535,0,0,0,0.1,0.2,7,26,10,0.0,0.0,0.0,0.01,0.04
Adama Bojang,2,19,9,0,83,0,0,0,1.3,0.0,2,1,8,0.0,0.0,0.0,1.38,0.05
Daniel Boloca,4,24,30,23,2022,1,0,1,0.5,0.4,27,109,17,0.04,0.0,0.04,0.02,0.02
Willy Boly,0,32,20,18,1438,2,1,3,1.5,1.3,4,32,3,0.13,0.06,0.19,0.09,0.08
Giacomo Bonaventura,4,33,31,27,2277,8,3,11,5.7,3.6,60,140,107,0.32,0.12,0.43,0.22,0.14
Federico Bonazzoli,5,26,24,10,1016,3,1,4,2.9,1.1,13,26,73,0.27,0.09,0.35,0.25,0.1
Warren Bondo,4,19,25,14,1475,1,1,2,0.9,0.3,31,43,13,0.06,0.06,0.12,0.06,0.02
Giovanni Bonfanti,0,20,2,1,89,0,0,0,0.1,0.0,0,1,2,0.0,0.0,0.0,0.09,0.0
Victor Boniface,2,22,23,18,1546,14,8,22,15.4,3.7,50,34,158,0.82,0.47,1.28,0.9,0.22
Kevin Bonifazi,0,27,1,1,90,0,0,0,0.0,0.0,0,1,1,0.0,0.0,0.0,0.0,0.0
Kevin Bonifazi,0,27,6,3,309,0,0,0,0.0,0.1,2,7,1,0.0,0.0,0.0,0.0,0.02
Leonardo Bonucci,0,36,7,6,460,1,0,1,0.8,0.3,0,21,1,0.2,0.0,0.2,0.15,0.06
Ângelo Borges,5,18,21,11,1094,0,3,3,0.4,3.3,50,59,109,0.0,0.25,0.25,0.04,0.27
Neto Borges,0,26,28,28,2516,0,1,1,0.5,2.8,58,88,165,0.0,0.04,0.04,0.02,0.1
Yvandro Borges Sanches,5,19,3,0,18,0,0,0,0.0,0.0,1,0,0,0.0,0.0,0.0,0.0,0.0
Sebastiaan Bornauw,0,24,20,16,1431,0,0,0,0.8,0.4,2,41,2,0.0,0.0,0.0,0.05,0.03
Rafael Borré,2,27,19,11,991,4,0,4,2.4,1.8,16,28,73,0.36,0.0,0.36,0.22,0.16
Gennaro Borrelli,2,23,1,0,24,0,0,0,0.0,0.0,1,0,1,0.0,0.0,0.0,0.0,0.0
Adri Bosch,0,22,1,0,26,0,0,0,0.0,0.0,1,1,1,0.0,0.0,0.0,0.0,0.0
Erik Botheim,5,23,7,4,316,0,0,0,0.1,0.0,3,5,9,0.0,0.0,0.0,0.03,0.0
Sven Botman,0,23,17,15,1377,2,2,4,0.6,1.0,0,35,5,0.13,0.13,0.26,0.04,0.07
Saïmon Bouabré,4,17,1,0,45,0,0,0,0.0,0.0,2,3,5,0.0,0.0,0.0,0.0,0.0
Ayyoub Bouaddi,4,15,9,1,131,0,0,0,0.0,0.0,1,12,2,0.0,0.0,0.0,0.0,0.01
Badredine Bouanani,2,18,7,1,161,0,0,0,0.2,0.5,10,2,24,0.0,0.0,0.0,0.12,0.26
Badredine Bouanani,4,18,11,4,443,1,0,1,1.4,0.9,30,32,27,0.2,0.0,0.2,0.28,0.18
Mohamed Bouchenna,5,17,2,0,29,0,0,0,0.1,0.2,0,1,3,0.0,0.0,0.0,0.19,0.65
Hicham Boudaoui,4,23,29,17,1613,2,0,2,3.3,1.8,28,78,58,0.11,0.0,0.11,0.19,0.1
Yassine Bounou,3,32,1,1,90,0,0,0,0.0,0.0,0,0,0,0.0,0.0,0.0,0.0,0.0
Mehdi Bourabia,4,31,10,3,200,0,0,0,0.1,0.0,1,7,8,0.0,0.0,0.0,0.05,0.0
Benjamin Bourigeaud,5,29,32,29,2425,9,6,15,9.9,6.7,27,178,139,0.33,0.22,0.56,0.37,0.25
Bilal Boutobba,5,24,27,10,926,1,1,2,2.0,1.7,38,43,86,0.1,0.1,0.19,0.2,0.17
Hugo Boutsingkham,5,20,2,0,11,0,0,0,0.0,0.0,0,0,0,0.0,0.0,0.0,0.0,0.0
Edoardo Bove,4,21,31,18,1780,0,2,2,2.0,0.7,21,88,47,0.0,0.1,0.1,0.1,0.04
Jarrod Bowen,2,26,34,34,3019,16,6,22,11.6,5.5,90,52,186,0.48,0.18,0.66,0.35,0.16
Lucas Boyé,2,27,31,30,2541,6,3,9,6.2,2.8,36,65,131,0.21,0.11,0.32,0.22,0.1
Domagoj Bradarić,0,23,34,30,2749,0,3,3,0.8,1.8,57,76,120,0.0,0.1,0.1,0.03,0.06
Conor Bradley,0,20,11,10,753,1,3,4,0.9,1.5,35,29,64,0.12,0.36,0.48,0.1,0.17
Bilal Brahimi,2,23,2,0,11,0,0,0,0.0,0.1,1,0,6,0.0,0.0,0.0,0.0,0.58
Bilal Brahimi,5,23,18,1,221,0,0,0,0.1,0.3,15,9,39,0.0,0.0,0.0,0.04,0.1
Juan Brandáriz,0,24,31,26,2434,0,1,1,1.0,1.4,11,68,4,0.0,0.04,0.04,0.04,0.05
Julian Brandt,5,27,32,26,2223,7,11,18,4.4,9.5,74,116,158,0.28,0.45,0.73,0.18,0.38
Jarrad Branthwaite,0,21,35,35,3116,3,0,3,1.7,1.0,2,74,6,0.09,0.0,0.09,0.05,0.03
Darko Brašanac,4,31,2,0,48,0,0,0,0.0,0.0,2,1,3,0.0,0.0,0.0,0.0,0.07
Lilian Brassier,0,23,30,30,2677,3,0,3,1.1,0.6,20,121,5,0.1,0.0,0.1,0.04,0.02
Brau,0,21,1,0,31,0,0,0,0.0,0.0,2,0,0,0.0,0.0,0.0,0.0,0.0
Claudio Bravo,3,40,7,7,630,0,0,0,0.0,0.0,0,1,0,0.0,0.0,0.0,0.0,0.01
Fabian Bredlow,3,28,4,4,360,0,0,0,0.0,0.0,0,0,0,0.0,0.0,0.0,0.0,0.0
Tim Breithaupt,4,21,16,6,629,0,0,0,0.1,0.1,0,21,2,0.0,0.0,0.0,0.01,0.02
Josip Brekalo,2,25,11,8,652,1,0,1,0.4,0.3,14,25,69,0.14,0.0,0.14,0.06,0.04
Gleison Bremer,0,26,36,36,3233,3,0,3,1.4,0.4,7,120,4,0.08,0.0,0.08,0.04,0.01
Brenner,5,23,8,2,189,0,0,0,0.4,0.0,6,8,10,0.0,0.0,0.0,0.18,0.01
Ben Brereton,5,24,14,14,1105,6,1,7,6.1,1.5,23,37,78,0.49,0.08,0.57,0.49,0.12
Ben Brereton,5,24,14,2,270,0,0,0,0.2,0.3,6,14,35,0.0,0.0,0.0,0.07,0.09
Marco Brescianini,4,23,36,24,2321,4,2,6,2.3,1.6,46,70,100,0.16,0.08,0.23,0.09,0.06
Maximilian Breunig,2,22,2,0,9,0,0,0,0.0,0.0,0,0,0,0.0,0.0,0.0,0.0,0.0
Rhian Brewster,5,23,13,3,346,0,0,0,0.4,0.1,1,3,21,0.0,0.0,0.0,0.09,0.03
Bennit Bröger,2,17,1,0,11,0,0,0,0.0,0.0,0,0,0,0.0,0.0,0.0,0.0,0.0
Armando Broja,2,21,13,6,454,1,0,1,2.4,0.2,11,6,37,0.2,0.0,0.2,0.47,0.03
Armando Broja,2,21,8,0,88,0,1,1,0.0,0.4,2,2,7,0.0,1.02,1.02,0.0,0.41
Dylan Bronn,1,28,4,0,52,0,0,0,0.0,0.0,1,1,0,0.0,0.0,0.0,0.05,0.0
Andre Brooks,1,19,20,12,938,0,0,0,0.4,0.1,12,18,22,0.0,0.0,0.0,0.04,0.01
David Brooks,5,26,13,2,282,1,1,2,2.2,1.0,8,21,27,0.32,0.32,0.64,0.7,0.33
John Brooks,0,30,21,18,1539,2,0,2,2.6,0.1,5,61,1,0.12,0.0,0.12,0.15,0.01
Moritz Broschinski,2,22,26,14,1247,2,3,5,2.4,1.8,18,10,92,0.14,0.22,0.36,0.17,0.13
Jacob Brown,5,25,19,12,1019,2,0,2,2.8,0.7,25,19,53,0.18,0.0,0.18,0.25,0.06
Josh Brownhill,4,27,33,23,2252,4,2,6,1.9,2.1,19,90,36,0.16,0.08,0.24,0.08,0.08
Alexander Brunst,3,28,3,3,270,0,0,0,0.0,0.0,0,0,0,0.0,0.0,0.0,0.0,0.0
Jacob Bruun Larsen,5,24,32,16,1249,6,0,6,5.0,1.5,61,38,146,0.43,0.0,0.43,0.36,0.1
Tajon Buchanan,0,24,10,0,161,1,0,1,0.2,0.3,12,4,22,0.56,0.0,0.56,0.11,0.18
Ante Budimir,2,32,33,29,2435,17,2,19,14.2,1.8,21,42,99,0.63,0.07,0.7,0.53,0.07
Hugo Bueno,1,20,22,7,741,0,0,0,0.3,0.8,22,8,40,0.0,0.0,0.0,0.03,0.09
Santiago Bueno,0,24,12,9,822,0,0,0,0.0,0.1,3,11,2,0.0,0.0,0.0,0.0,0.01
Facundo Buonanotte,5,18,27,17,1364,3,1,4,2.4,1.8,23,42,69,0.2,0.07,0.26,0.16,0.12
Alessandro Buongiorno,0,24,29,29,2527,3,0,3,1.6,0.1,14,62,10,0.11,0.0,0.11,0.06,0.0
Jonathan Burkardt,5,23,21,18,1538,8,2,10,6.1,2.1,36,28,101,0.47,0.12,0.59,0.36,0.12
Oliver Burke,2,26,1,0,32,0,0,0,0.0,0.0,2,0,1,0.0,0.0,0.0,0.0,0.0
Reece Burke,0,26,22,20,1660,0,4,4,1.3,1.4,11,67,14,0.0,0.22,0.22,0.07,0.07
Dan Burn,0,31,33,32,2726,2,2,4,3.1,1.1,14,75,25,0.07,0.07,0.13,0.1,0.04
Rareș-Cătălin Burnete,2,19,1,0,8,0,1,1,0.0,0.1,0,0,2,0.0,11.25,11.25,0.0,0.71
Mason Burstow,2,19,2,0,9,0,0,0,0.0,0.0,0,0,1,0.0,0.0,0.0,0.0,0.0
Marnon Busch,0,28,16,5,595,0,0,0,0.1,0.3,15,34,27,0.0,0.0,0.0,0.02,0.04
Pablo Busto,0,17,2,0,44,0,0,0,0.0,0.2,1,1,1,0.0,0.0,0.0,0.03,0.41
Aurélio Buta,1,26,30,20,1744,1,1,2,0.5,0.7,51,90,104,0.05,0.05,0.1,0.02,0.04
Marcin Bułka,3,23,34,34,3060,0,0,0,0.1,0.0,0,0,0,0.0,0.0,0.0,0.0,0.0
Jamie Bynoe-Gittens,5,18,25,14,1058,1,4,5,2.2,2.8,64,26,105,0.09,0.34,0.43,0.19,0.24
Rémy Cabella,5,33,30,14,1477,2,2,4,5.2,3.3,72,106,160,0.12,0.12,0.24,0.32,0.2
Jovane Cabral,5,25,12,8,678,1,0,1,1.2,0.4,22,40,39,0.13,0.0,0.13,0.15,0.06
Liberato Cacace,0,22,31,18,1912,0,1,1,0.4,1.7,34,84,55,0.0,0.05,0.05,0.02,0.08
Anthony Caci,0,26,31,29,2486,2,3,5,1.5,2.9,43,144,75,0.07,0.11,0.18,0.06,0.1
Moisés Caicedo,4,21,35,33,2866,1,3,4,0.4,2.6,27,173,27,0.03,0.09,0.13,0.01,0.08
Tom Cairney,4,32,34,14,1488,1,4,5,1.1,2.3,35,145,72,0.06,0.24,0.3,0.07,0.14
Jens Cajuste,4,23,26,11,1016,0,2,2,1.5,1.1,19,37,53,0.0,0.18,0.18,0.13,0.09
Davide Calabria,0,26,29,26,2185,1,3,4,1.3,1.2,31,140,66,0.04,0.12,0.16,0.05,0.05
Riccardo Calafiori,0,21,30,26,2349,2,5,7,1.4,1.2,28,96,23,0.08,0.19,0.27,0.05,0.05
Mattia Caldara,0,29,1,0,33,0,0,0,0.2,0.0,0,2,0,0.0,0.0,0.0,0.58,0.0
Luca Caldirola,0,32,29,23,2141,1,1,2,0.5,0.6,10,56,9,0.04,0.04,0.08,0.02,0.03
Duje Ćaleta-Car,0,26,24,22,1993,0,0,0,0.5,1.0,5,61,1,0.0,0.0,0.0,0.02,0.05
Hakan Çalhanoğlu,4,29,32,32,2556,13,3,16,10.1,4.7,45,186,34,0.46,0.11,0.56,0.36,0.17
José Callejón,5,36,25,7,803,0,1,1,1.3,1.5,10,35,50,0.0,0.11,0.11,0.15,0.17
Dominic Calvert-Lewin,2,26,32,26,2171,7,2,9,12.9,3.1,36,31,122,0.29,0.08,0.37,0.54,0.13
Lamine Camara,4,19,31,26,2255,1,4,5,2.2,3.3,23,97,69,0.04,0.16,0.2,0.09,0.13
Mahdi Camara,4,25,32,26,2020,7,3,10,4.9,3.1,37,81,129,0.31,0.13,0.45,0.22,0.14
Mohamed Camara,4,23,20,14,1035,1,2,3,1.5,0.6,14,76,22,0.09,0.17,0.26,0.13,0.06
Francesco Camarda,2,15,2,0,14,0,0,0,0.0,0.0,0,0,1,0.0,0.0,0.0,0.0,0.0
Eduardo Camavinga,1,20,31,21,1817,0,2,2,0.9,1.4,49,106,31,0.0,0.1,0.1,0.05,0.07
Nicolò Cambiaghi,5,22,37,29,2553,1,1,2,3.9,2.8,128,63,197,0.04,0.04,0.07,0.14,0.1
Axel Camblan,2,19,7,0,90,0,0,0,0.2,0.0,5,1,8,0.0,0.0,0.0,0.25,0.05
Sergio Camello,2,22,31,20,1661,3,1,4,4.5,1.3,22,41,79,0.16,0.05,0.22,0.24,0.07
José Campaña,4,30,8,1,171,0,0,0,0.0,0.0,1,15,4,0.0,0.0,0.0,0.01,0.0
Emre Can,1,29,25,22,1953,2,2,4,2.2,1.5,35,110,18,0.09,0.09,0.18,0.1,0.07
Matteo Cancellieri,5,21,36,18,1788,4,3,7,4.7,2.9,48,26,138,0.2,0.15,0.35,0.24,0.15
João Cancelo,0,29,32,29,2503,2,4,6,1.6,6.1,106,141,193,0.07,0.14,0.22,0.06,0.22
Fali Candé,0,25,25,20,1849,0,1,1,0.8,0.5,4,38,3,0.0,0.05,0.05,0.04,0.02
Antonio Candreva,5,36,34,32,2750,6,6,12,4.9,5.0,67,149,182,0.2,0.2,0.39,0.16,0.16
Thomas Cannon,2,20,1,0,1,0,0,0,0.0,0.0,0,0,0,0.0,0.0,0.0,0.0,0.0
Sergi Canós,5,26,27,15,1229,1,2,3,2.8,2.4,32,52,88,0.07,0.15,0.22,0.21,0.18
Luigi Canotto,2,29,1,0,16,0,0,0,0.0,0.0,0,0,1,0.0,0.0,0.0,0.0,0.0
Gino Caoki,4,19,1,0,7,0,0,0,0.0,0.0,1,0,0,0.0,0.0,0.0,0.0,0.0
Étienne Capoue,4,35,32,15,1455,1,1,2,1.0,0.6,24,80,38,0.06,0.06,0.12,0.06,0.04
Gianluca Caprari,5,30,6,4,285,0,0,0,0.7,0.7,11,15,16,0.0,0.0,0.0,0.22,0.23
Elia Caprile,3,21,23,23,2070,0,0,0,0.0,0.3,0,0,0,0.0,0.0,0.0,0.0,0.01
Francesco Caputo,2,35,20,15,1268,3,0,3,3.4,0.7,7,18,65,0.21,0.0,0.21,0.24,0.05
Maxence Caqueret,4,23,34,34,3022,1,3,4,2.1,6.0,70,286,96,0.03,0.09,0.12,0.06,0.18
Andrea Carboni,0,22,21,16,1487,1,0,1,1.2,0.5,13,46,22,0.06,0.0,0.06,0.07,0.03
Valentin Carboni,5,18,31,10,1169,2,3,5,2.3,1.7,52,57,75,0.15,0.23,0.38,0.18,0.13
Isaac Carcelen,0,30,35,29,2611,0,0,0,0.6,1.0,25,75,70,0.0,0.0,0.0,0.02,0.03
Cárdenas,3,26,1,1,90,0,0,0,0.0,0.0,0,0,0,0.0,0.0,0.0,0.0,0.0
Irvin Cardona,1,25,3,0,54,0,0,0,0.2,0.0,3,2,6,0.0,0.0,0.0,0.33,0.0
Marc Cardona,2,28,25,6,723,4,1,5,4.2,1.1,10,13,74,0.5,0.12,0.62,0.52,0.13
Sergi Cardona,0,24,35,30,2814,1,2,3,2.7,2.8,60,160,165,0.03,0.06,0.1,0.09,0.09
Johnny Cardoso,4,21,17,15,1328,1,2,3,1.1,0.5,10,45,11,0.07,0.14,0.2,0.07,0.03
Igor Carioca,1,26,5,2,262,0,0,0,0.0,0.3,6,8,16,0.0,0.0,0.0,0.01,0.09
Diego Carlos,0,30,27,20,1816,0,0,0,1.9,0.1,4,59,1,0.0,0.0,0.0,0.1,0.0
Carmona,1,21,30,15,1313,1,1,2,0.8,1.0,29,39,55,0.07,0.07,0.14,0.06,0.07
Marco Carnesecchi,3,23,27,27,2425,0,0,0,0.0,0.0,0,0,0,0.0,0.0,0.0,0.0,0.0
Yannick Carrasco,0,29,3,3,221,0,1,1,0.1,0.2,9,6,17,0.0,0.41,0.41,0.03,0.1
Álvaro Carreras,5,20,13,5,475,0,0,0,0.4,0.4,13,14,31,0.0,0.0,0.0,0.07,0.08
Antonin Cartillier,0,19,1,0,8,0,0,0,0.0,0.0,1,0,0,0.0,0.0,0.0,0.0,0.0
Dani Carvajal,0,31,28,25,2171,4,3,7,1.7,2.7,30,82,168,0.17,0.12,0.29,0.07,0.11
Fabio Carvalho,4,20,9,1,165,0,0,0,0.2,0.2,8,9,13,0.0,0.0,0.0,0.12,0.13
William Carvalho,4,31,22,4,680,1,3,4,0.4,0.7,12,58,12,0.13,0.4,0.53,0.05,0.09
Cesare Casadei,5,20,11,0,79,0,0,0,0.0,0.1,1,3,3,0.0,0.0,0.0,0.0,0.12
Marc Casado,4,19,2,0,15,0,0,0,0.0,0.0,1,1,0,0.0,0.0,0.0,0.0,0.0
Nicolò Casale,0,25,20,16,1559,0,0,0,0.9,0.0,20,49,4,0.0,0.0,0.0,0.05,0.0
Casemiro,1,31,25,24,1982,1,2,3,3.5,1.0,12,112,36,0.05,0.09,0.14,0.16,0.05
Kaelan Casey,0,18,1,0,1,0,0,0,0.0,0.0,0,0,0,0.0,0.0,0.0,0.0,0.0
Matty Cash,0,25,29,23,2142,2,2,4,4.2,2.3,62,88,101,0.08,0.08,0.17,0.18,0.1
Giuseppe Caso,5,24,14,2,417,0,0,0,0.3,0.2,15,20,37,0.0,0.0,0.0,0.06,0.04
Cristian Cásseres Jr.,4,23,32,23,1946,1,3,4,1.1,1.7,14,87,52,0.05,0.14,0.18,0.05,0.08
Timothy Castagne,0,27,34,29,2634,1,3,4,1.6,1.9,48,77,113,0.03,0.1,0.14,0.06,0.07
Koen Casteels,3,31,25,25,2250,0,0,0,0.0,0.2,0,1,0,0.0,0.0,0.0,0.0,0.01
Valentín Castellanos,2,24,35,16,1682,4,3,7,7.3,1.7,15,47,132,0.21,0.16,0.37,0.39,0.09
Jean-Charles Castelletto,0,28,28,28,2464,2,0,2,0.6,0.8,24,100,31,0.07,0.0,0.07,0.02,0.03
Samu Castillejo,5,28,17,6,536,0,0,0,0.3,1.0,27,26,45,0.0,0.0,0.0,0.04,0.16
Jonny Castro,4,29,1,0,5,0,0,0,0.0,0.0,0,0,0,0.0,0.0,0.0,0.0,0.0
Santiago Castro,2,18,8,2,242,1,1,2,1.0,0.5,1,1,15,0.37,0.37,0.74,0.35,0.2
Gaetano Castrovilli,5,26,6,5,367,1,2,3,0.3,0.6,14,12,25,0.25,0.49,0.74,0.08,0.15
Danilo Cataldi,4,28,28,15,1361,1,0,1,0.4,0.8,9,69,7,0.07,0.0,0.07,0.02,0.05
Catena,0,28,30,28,2534,1,3,4,1.3,1.0,5,77,1,0.04,0.11,0.14,0.05,0.04
Maximiliano Caufriez,0,26,20,20,1659,0,1,1,0.4,0.2,24,61,11,0.0,0.05,0.05,0.02,0.01
Ivan Cavaleiro,2,29,17,9,770,1,1,2,1.3,1.2,18,23,77,0.12,0.12,0.23,0.15,0.15
Dani Ceballos,5,26,20,5,598,0,2,2,0.3,1.5,16,47,23,0.0,0.3,0.3,0.05,0.22
Emil Ceide,5,21,11,0,176,0,0,0,0.1,0.2,12,3,16,0.0,0.0,0.0,0.05,0.12
Zeki Çelik,0,26,17,6,671,0,0,0,0.2,0.6,14,26,38,0.0,0.0,0.0,0.02,0.08
Álex Centelles,0,25,14,11,980,0,1,1,0.0,1.6,16,31,53,0.0,0.09,0.09,0.0,0.14
Fabien Centonze,0,27,10,7,676,0,1,1,0.0,1.0,16,14,21,0.0,0.13,0.13,0.0,0.14
Fabien Centonze,0,27,3,1,94,0,0,0,0.0,0.0,5,1,5,0.0,0.0,0.0,0.0,0.0
Václav Černý,5,25,22,12,921,4,1,5,2.3,0.9,26,37,83,0.39,0.1,0.49,0.22,0.09
Michele Cerofolini,3,24,8,7,675,0,0,0,0.0,0.0,0,0,0,0.0,0.0,0.0,0.0,0.0
Alberto Cerri,2,27,12,10,545,1,0,1,1.2,0.2,3,9,23,0.17,0.0,0.17,0.19,0.04
Leonardo Cerri,0,20,1,0,7,0,0,0,0.0,0.0,0,0,2,0.0,0.0,0.0,0.0,0.0
Franco Cervi,1,29,17,5,546,0,1,1,0.5,2.0,16,24,36,0.0,0.16,0.16,0.08,0.34
Julian Chabot,0,25,32,32,2703,0,0,0,1.4,0.4,17,71,8,0.0,0.0,0.0,0.05,0.01
El Chadaille Bitshiabu,1,18,6,0,34,0,0,0,0.0,0.0,2,1,5,0.0,0.0,0.0,0.0,0.0
Fares Chaïbi,5,20,2,0,58,0,1,1,0.0,0.2,2,5,12,0.0,1.55,1.55,0.0,0.29
Fares Chaïbi,5,20,28,21,1912,2,4,6,3.1,6.8,53,86,143,0.09,0.19,0.28,0.14,0.32
Trevoh Chalobah,0,24,13,10,952,1,0,1,0.2,0.1,5,31,9,0.09,0.0,0.09,0.02,0.01
Muhammed Cham,5,22,33,29,2554,8,4,12,9.4,3.1,71,161,142,0.28,0.14,0.42,0.33,0.11
Calum Chambers,1,28,5,1,152,0,1,1,0.0,0.1,0,5,1,0.0,0.59,0.59,0.0,0.06
Timothy Chandler,1,33,6,0,18,0,1,1,0.1,0.1,1,5,10,0.0,5.0,5.0,0.4,0.69
Brendan Chardonnet,0,28,33,33,2970,1,1,2,1.5,1.6,25,115,8,0.03,0.03,0.06,0.04,0.05
Charlys,4,19,2,0,25,0,0,0,0.0,0.0,0,1,0,0.0,0.0,0.0,0.0,0.15
Pep Chavarría,1,25,22,12,1167,1,1,2,1.0,0.7,28,74,84,0.08,0.08,0.15,0.07,0.05
Jhoanner Chávez,0,21,8,6,481,0,0,0,0.3,0.5,4,15,19,0.0,0.0,0.0,0.06,0.08
Walid Cheddira,2,25,36,24,2120,7,1,8,9.0,1.4,31,22,139,0.3,0.04,0.34,0.38,0.06
Rayan Cherki,5,19,33,19,1719,1,6,7,5.2,4.2,93,138,182,0.05,0.31,0.37,0.27,0.22
Youssef Chermiti,2,19,18,1,208,0,0,0,0.7,0.8,5,5,15,0.0,0.0,0.0,0.31,0.34
Lucas Chevalier,3,21,33,33,2969,0,0,0,0.0,0.1,0,2,0,0.0,0.0,0.0,0.0,0.0
Fabio Chiarodia,0,18,7,1,152,0,0,0,0.0,0.1,0,4,1,0.0,0.0,0.0,0.0,0.07
Federico Chiesa,2,25,33,25,2197,9,2,11,6.4,6.2,111,70,216,0.37,0.08,0.45,0.26,0.25
Ben Chilwell,0,26,13,9,756,0,1,1,1.2,2.2,22,25,59,0.0,0.12,0.12,0.14,0.26
Tawanda Chirewa,5,19,8,1,145,0,0,0,0.2,0.0,1,7,8,0.0,0.0,0.0,0.1,0.02
Pedro Chirivella,4,26,32,31,2594,1,1,2,1.5,1.1,10,192,55,0.03,0.03,0.07,0.05,0.04
Leon Chiwome,2,17,3,2,174,0,0,0,0.1,0.0,1,2,7,0.0,0.0,0.0,0.05,0.0
Tahith Chong,5,23,33,20,1982,4,0,4,2.7,0.5,57,72,101,0.18,0.0,0.18,0.12,0.02
Joris Chotard,4,21,31,30,2587,0,3,3,0.6,1.9,12,111,40,0.0,0.1,0.1,0.02,0.07
Andreas Christensen,1,27,30,27,1979,2,2,4,1.0,1.1,24,117,6,0.09,0.09,0.18,0.05,0.05
Jacob Christensen,4,22,7,2,219,0,0,0,0.0,0.1,2,12,1,0.0,0.0,0.0,0.01,0.04
Oliver Christensen,3,24,4,4,360,0,0,0,0.0,0.0,0,0,0,0.0,0.0,0.0,0.0,0.0
Ryan Christie,4,28,37,35,2907,0,5,5,2.3,5.4,60,167,78,0.0,0.15,0.15,0.07,0.17
Carney Chukwuemeka,5,19,9,2,227,1,1,2,0.2,0.3,4,12,19,0.4,0.4,0.79,0.06,0.13
Samuel Chukwueze,2,24,24,12,1017,1,3,4,1.7,2.3,52,51,135,0.09,0.27,0.35,0.15,0.2
Víctor Chust,0,23,22,22,1864,0,1,1,0.3,0.3,10,80,2,0.0,0.05,0.05,0.02,0.01
Pathé Ciss,4,29,31,16,1664,1,0,1,1.5,0.5,14,84,22,0.05,0.0,0.05,0.08,0.03
Alphadjo Cissè,2,16,1,0,8,0,0,0,0.0,0.0,0,0,0,0.0,0.0,0.0,0.0,0.0
Djaoui Cissé,4,19,2,0,4,0,0,0,0.0,0.0,0,0,1,0.0,0.0,0.0,0.0,0.0
Ibrahim Cissoko,5,20,11,2,241,1,1,2,0.8,0.4,21,12,39,0.37,0.37,0.75,0.29,0.16
Giorgio Cittadini,0,21,1,0,15,0,0,0,0.0,0.0,1,1,1,0.0,0.0,0.0,0.0,0.0
Giorgio Cittadini,0,21,5,1,106,0,0,0,0.0,0.0,0,1,1,0.0,0.0,0.0,0.0,0.0
Patrick Ciurria,1,28,22,18,1598,0,1,1,1.5,2.6,41,68,94,0.0,0.06,0.06,0.09,0.15
Bobby Clark,4,18,5,1,89,0,0,0,0.1,0.0,3,3,7,0.0,0.0,0.0,0.14,0.0
Jordan Clark,4,29,23,14,1304,1,1,2,1.0,1.3,21,51,39,0.07,0.07,0.14,0.07,0.09
Alexis Claude-Maurice,4,25,18,4,504,0,0,0,0.8,0.3,15,21,25,0.0,0.0,0.0,0.13,0.05
Jonathan Clauss,0,30,27,25,2068,3,4,7,1.3,4.6,59,137,172,0.13,0.17,0.3,0.06,0.2
Silvi Clúa,4,18,1,0,1,0,0,0,0.0,0.0,0,0,0,0.0,0.0,0.0,0.0,0.0
Nathaniel Clyne,0,32,19,14,1338,0,0,0,0.2,0.2,10,33,18,0.0,0.0,0.0,0.01,0.01
Saúl Coco,0,24,30,26,2295,1,0,1,1.1,0.0,9,69,1,0.04,0.0,0.04,0.04,0.0
Séamus Coleman,0,34,12,7,665,0,0,0,0.0,1.0,5,22,16,0.0,0.0,0.0,0.0,0.14
Maxime Colin,0,31,22,22,1832,0,0,0,0.3,0.4,23,67,22,0.0,0.0,0.0,0.02,0.02
Nathan Collins,0,22,32,29,2652,1,1,2,1.7,2.2,11,97,18,0.03,0.03,0.07,0.06,0.07
Nnamdi Collins,0,19,2,1,90,0,0,0,0.0,0.0,1,13,5,0.0,0.0,0.0,0.0,0.0
Lorenzo Colombo,2,21,25,16,1359,4,1,5,3.6,0.6,16,24,75,0.26,0.07,0.33,0.24,0.04
Andrea Colpani,5,24,38,36,2657,8,4,12,4.8,5.0,90,120,193,0.27,0.14,0.41,0.16,0.17
Levi Colwill,0,20,23,20,1797,1,1,2,1.3,1.2,23,73,27,0.05,0.05,0.1,0.06,0.06
Kingsley Coman,2,27,17,15,1113,3,3,6,2.8,3.8,75,72,210,0.24,0.24,0.49,0.22,0.31
Eray Cömert,0,25,25,23,1995,2,0,2,0.7,0.2,7,57,3,0.09,0.0,0.09,0.03,0.01
Santi Comesaña,4,26,27,20,1653,2,0,2,1.9,2.0,23,92,48,0.11,0.0,0.11,0.1,0.11
Alois Confais,5,26,2,0,7,0,0,0,0.0,0.0,0,0,0,0.0,0.0,0.0,0.0,0.0
Andrea Consigli,3,36,35,35,3150,0,0,0,0.0,0.0,0,1,0,0.0,0.0,0.0,0.0,0.0
Bambasé Conté,5,20,7,0,48,0,0,0,0.2,0.0,3,2,8,0.0,0.0,0.0,0.34,0.07
Nikita Contini Baranovsky,3,27,1,0,17,0,0,0,0.0,0.0,0,0,0,0.0,0.0,0.0,0.0,0.0
Lewis Cook,4,26,33,32,2786,0,3,3,0.4,4.3,22,142,15,0.0,0.1,0.1,0.01,0.14
Copete,0,23,19,17,1333,1,1,2,0.5,0.8,3,52,2,0.07,0.07,0.14,0.04,0.05
Diego Coppola,0,19,24,18,1634,2,0,2,1.2,0.2,1,40,0,0.11,0.0,0.11,0.07,0.01
Francis Coquelin,4,32,17,10,910,0,0,0,0.1,0.1,5,47,14,0.0,0.0,0.0,0.01,0.01
Tommaso Corazza,0,19,9,1,195,0,0,0,0.1,0.1,10,14,9,0.0,0.0,0.0,0.04,0.03
Theo Corbeanu,5,21,9,2,182,1,0,1,0.3,0.0,5,5,13,0.49,0.0,0.49,0.14,0.0
Jeppe Corfitzen,2,18,1,0,9,0,0,0,0.0,0.0,1,0,0,0.0,0.0,0.0,0.0,0.0
Jack Cork,4,34,4,0,27,0,0,0,0.0,0.0,4,4,1,0.0,0.0,0.0,0.0,0.0
Maxwel Cornet,5,26,7,1,112,1,0,1,0.4,0.2,3,2,8,0.8,0.0,0.8,0.32,0.13
Giacomo Corona,2,19,1,0,5,0,0,0,0.0,0.0,0,0,0,0.0,0.0,0.0,0.0,0.0
Jesús Corona,1,30,2,0,17,0,0,0,0.0,0.0,0,0,4,0.0,0.0,0.0,0.0,0.0
Ángel Correa,5,28,32,14,1528,9,2,11,7.9,3.6,40,61,128,0.53,0.12,0.65,0.47,0.21
Joaquín Correa,5,28,12,6,430,0,0,0,0.6,0.7,9,25,57,0.0,0.0,0.0,0.13,0.16
Thierry Correia,0,24,31,25,2154,0,2,2,0.6,2.1,40,80,56,0.0,0.08,0.08,0.03,0.09
Oscar Cortés,5,19,4,0,44,1,1,2,0.5,0.7,1,2,8,2.05,2.05,4.09,0.93,1.41
Danny da Costa,0,30,19,9,830,0,1,1,0.3,1.2,22,40,53,0.0,0.11,0.11,0.03,0.13
David Pereira da Costa,4,22,25,17,1494,4,2,6,3.0,3.5,53,73,101,0.24,0.12,0.36,0.18,0.21
Jaume Costa,0,35,30,19,1682,0,1,1,0.3,1.2,34,50,104,0.0,0.05,0.05,0.02,0.06
João Costa,5,18,3,0,14,0,0,0,0.0,0.0,0,1,1,0.0,0.0,0.0,0.0,0.2
Logan Costa,0,22,31,29,2650,1,1,2,1.4,0.6,19,145,14,0.03,0.03,0.07,0.05,0.02
Samu Costa,4,22,34,26,2303,1,1,2,1.1,0.5,16,93,32,0.04,0.04,0.08,0.04,0.02
Benoît Costil,3,36,13,13,1170,0,0,0,0.0,0.0,0,0,0,0.0,0.0,0.0,0.0,0.0
Grégoire Coudert,3,24,3,2,181,0,0,0,0.0,0.0,0,0,0,0.0,0.0,0.0,0.0,0.0
Vladimír Coufal,0,30,36,36,3132,0,7,7,0.3,4.0,68,119,126,0.0,0.2,0.2,0.01,0.11
Lassana Coulibaly,4,27,28,25,2082,0,1,1,0.6,0.8,29,88,38,0.0,0.04,0.04,0.03,0.04
Mamadou Coulibaly,0,24,1,0,3,0,0,0,0.0,0.0,0,0,0,0.0,0.0,0.0,0.0,0.0
Mamadou Coulibaly,4,19,5,1,118,0,0,0,0.2,0.1,2,5,7,0.0,0.0,0.0,0.13,0.04
Tanguy Coulibaly,5,22,16,7,623,1,0,1,2.6,0.8,27,13,48,0.14,0.0,0.14,0.37,0.11
Thibaut Courtois,3,31,4,4,332,0,0,0,0.0,0.1,0,0,0,0.0,0.0,0.0,0.0,0.03
Philippe Coutinho,5,31,2,0,25,0,0,0,0.1,0.0,5,5,2,0.0,0.0,0.0,0.52,0.0
Nicolas Cozza,0,24,13,10,895,0,0,0,0.7,0.6,11,20,30,0.0,0.0,0.0,0.07,0.06
Nicolas Cozza,0,24,6,3,276,0,0,0,0.0,0.1,5,16,8,0.0,0.0,0.0,0.01,0.03
Alessio Cragno,3,29,3,3,270,0,0,0,0.0,0.0,0,0,0,0.0,0.0,0.0,0.0,0.0
Crespo,4,26,15,4,527,0,0,0,0.1,1.0,13,30,20,0.0,0.0,0.0,0.02,0.18
Bryan Cristante,1,28,37,37,3289,3,4,7,4.0,2.9,47,234,80,0.08,0.11,0.19,0.11,0.08
Cristian,3,25,1,0,57,0,0,0,0.0,0.0,0,0,0,0.0,0.0,0.0,0.0,0.0
Juan Cruz Armada,0,31,26,18,1667,0,1,1,0.0,0.4,16,77,29,0.0,0.05,0.05,0.0,0.02
Juan Cruz,5,24,4,1,109,0,0,0,0.0,0.1,3,4,4,0.0,0.0,0.0,0.03,0.09
Juan Cruz,2,23,5,0,76,0,0,0,0.1,0.0,2,3,10,0.0,0.0,0.0,0.09,0.05
Juan Cuadrado,0,35,10,0,267,0,2,2,0.2,1.6,17,11,35,0.0,0.67,0.67,0.06,0.52
Pau Cubarsí,0,16,19,18,1558,0,0,0,0.1,0.4,8,75,2,0.0,0.0,0.0,0.01,0.02
Marc Cucurella,0,25,21,20,1782,0,2,2,1.1,1.1,31,50,73,0.0,0.1,0.1,0.06,0.05
Iván Cuéllar,3,39,1,1,90,0,0,0,0.0,0.0,0,0,0,0.0,0.0,0.0,0.0,0.0
Jorge Cuenca,0,23,29,21,1963,3,1,4,1.2,0.2,11,78,30,0.14,0.05,0.18,0.06,0.01
Josh Cullen,4,27,25,23,2057,2,3,5,0.6,1.8,22,123,22,0.09,0.13,0.22,0.03,0.08
Matheus Cunha,5,24,32,29,2440,12,7,19,9.5,3.2,107,87,139,0.44,0.26,0.7,0.35,0.12
Marvin Cuni,2,22,22,6,534,1,0,1,1.3,0.3,6,11,45,0.17,0.0,0.17,0.22,0.05
Eric Curbelo,1,29,2,1,102,0,0,0,0.0,0.0,0,4,0,0.0,0.0,0.0,0.0,0.0
Sam Curtis,0,17,1,0,28,0,0,0,0.0,0.0,0,1,1,0.0,0.0,0.0,0.0,0.0
Tomáš Čvančara,2,22,21,7,896,4,1,5,5.9,0.7,12,13,47,0.4,0.1,0.5,0.59,0.07
Danilo D'Ambrosio,0,34,24,16,1536,0,0,0,0.7,0.2,12,61,25,0.0,0.0,0.0,0.04,0.01
Alberto Dadie,4,21,1,0,28,0,0,0,0.0,0.0,0,0,0,0.0,0.0,0.0,0.0,0.0
Trévis Dago,5,18,4,0,23,0,1,1,0.0,0.4,1,0,1,0.0,3.91,3.91,0.16,1.63
Finn Dahmen,3,25,31,31,2790,0,0,0,0.0,0.1,0,3,0,0.0,0.0,0.0,0.0,0.0
Mahmoud Dahoud,4,27,9,6,452,0,1,1,0.2,0.9,4,11,6,0.0,0.2,0.2,0.04,0.18
Mahmoud Dahoud,4,27,13,1,227,1,0,1,0.6,0.5,1,19,5,0.4,0.0,0.4,0.22,0.21
Ameen Al-Dakhil,0,21,13,12,1056,1,0,1,1.3,0.1,7,35,9,0.09,0.0,0.09,0.11,0.01
Thijs Dallinga,2,22,33,28,2510,14,2,16,14.1,1.2,32,38,164,0.5,0.07,0.57,0.51,0.04
Diogo Dalot,0,24,36,35,3174,2,3,5,1.7,2.9,52,124,111,0.06,0.09,0.14,0.05,0.08
Mikkel Damsgaard,4,23,23,7,842,0,2,2,0.9,1.4,16,61,32,0.0,0.21,0.21,0.1,0.16
Flavius Daniliuc,0,22,14,8,744,0,0,0,0.2,0.2,8,37,2,0.0,0.0,0.0,0.03,0.03
Danilo,4,22,29,20,1792,2,2,4,1.8,1.5,22,83,28,0.1,0.1,0.2,0.09,0.08
Danilo,0,32,29,27,2452,1,1,2,1.3,0.9,18,161,21,0.04,0.04,0.07,0.05,0.03
Arnaut Danjuma,5,26,14,5,595,1,0,1,2.6,1.1,24,9,44,0.15,0.0,0.15,0.4,0.17
Jayden Danns,2,17,2,0,9,0,0,0,0.0,0.0,0,1,2,0.0,0.0,0.0,0.0,0.0
Kevin Danso,0,24,30,30,2655,1,0,1,1.8,0.4,27,133,3,0.03,0.0,0.03,0.06,0.01
Dante,0,39,32,32,2843,1,1,2,0.9,1.0,13,185,6,0.03,0.03,0.06,0.03,0.03
Raimane Daou,1,18,1,0,25,0,0,0,0.0,0.0,0,0,1,0.0,0.0,0.0,0.0,0.0
Mohammed Daramy,5,21,25,19,1648,4,5,9,4.6,2.4,72,69,162,0.22,0.27,0.49,0.25,0.13
Sergi Darder,4,29,36,21,2157,2,5,7,2.2,6.4,56,132,75,0.08,0.21,0.29,0.09,0.27
Matteo Darmian,0,33,33,27,2404,2,1,3,1.2,1.8,18,72,82,0.07,0.04,0.11,0.04,0.07
Lukas Daschner,5,24,20,3,536,1,1,2,2.3,1.0,11,17,37,0.17,0.17,0.34,0.39,0.16
David Datro Fofana,2,20,15,10,879,4,1,5,4.5,1.8,21,15,39,0.41,0.1,0.51,0.46,0.19
David Datro Fofana,5,20,12,8,682,1,0,1,2.8,0.3,20,14,66,0.13,0.0,0.13,0.37,0.05
Juan David Cabal,0,22,22,17,1497,0,0,0,0.5,0.4,26,70,48,0.0,0.0,0.0,0.03,0.03
Jonathan David,2,23,34,30,2629,19,4,23,17.5,3.3,47,79,198,0.65,0.14,0.79,0.6,0.11
Alphonso Davies,0,22,29,24,2065,2,5,7,1.0,2.9,121,117,139,0.09,0.22,0.31,0.04,0.12
Ben Davies,0,30,17,12,1090,1,0,1,2.3,0.4,13,71,20,0.08,0.0,0.08,0.19,0.03
Tom Davies,4,25,9,2,221,0,0,0,0.4,0.1,3,8,3,0.0,0.0,0.0,0.14,0.03
Keinan Davis,5,25,8,0,186,1,0,1,0.5,0.1,2,6,15,0.48,0.0,0.48,0.24,0.04
Paweł Dawidowicz,0,28,28,25,2143,0,0,0,0.5,0.0,11,89,5,0.0,0.0,0.0,0.02,0.0
Craig Dawson,0,33,25,25,2209,1,1,2,1.5,1.4,1,49,4,0.04,0.04,0.08,0.06,0.06
Kevin De Bruyne,4,32,18,15,1221,4,10,14,2.4,11.5,47,111,133,0.29,0.74,1.03,0.18,0.85
Charles De Ketelaere,5,22,35,25,2026,10,8,18,7.1,6.1,88,126,219,0.44,0.36,0.8,0.31,0.27
Rodrigo De Paul,4,29,34,25,2075,3,5,8,1.8,5.0,73,202,55,0.13,0.22,0.35,0.08,0.22
Mattia De Sciglio,0,30,1,1,45,0,0,0,0.0,0.0,0,3,1,0.0,0.0,0.0,0.0,0.0
Lorenzo De Silvestri,0,35,15,7,674,2,0,2,0.2,0.0,14,27,12,0.27,0.0,0.27,0.03,0.0
Thibault De Smet,0,25,27,22,1831,0,0,0,0.3,0.8,23,104,66,0.0,0.0,0.0,0.01,0.04
Koni De Winter,0,21,29,26,2380,0,1,1,0.8,1.0,21,76,15,0.0,0.04,0.04,0.03,0.04
Grégoire Defrel,5,32,20,7,757,1,2,3,1.0,1.2,7,17,42,0.12,0.24,0.36,0.12,0.14
Alessandro Deiola,4,27,27,19,1608,1,0,1,2.5,0.9,9,64,21,0.06,0.0,0.06,0.14,0.05
Romain Del Castillo,2,27,33,30,2497,8,8,16,5.2,9.9,101,155,287,0.29,0.29,0.58,0.19,0.36
Thomas Delaine,1,31,27,24,2044,1,1,2,1.7,3.6,63,52,151,0.04,0.04,0.09,0.07,0.16
Sacha Delaye,5,21,9,0,130,0,0,0,0.3,0.1,2,4,8,0.0,0.0,0.0,0.23,0.07
Hannes Delcroix,0,24,12,5,589,0,0,0,0.4,0.2,2,18,6,0.0,0.0,0.0,0.05,0.03
Alessandro Dellavalle,0,19,1,0,15,0,0,0,0.0,0.0,0,1,0,0.0,0.0,0.0,0.0,0.0
Olivier Deman,0,23,29,14,1365,2,1,3,1.1,0.9,26,40,53,0.13,0.07,0.2,0.07,0.06
Karamoko Dembele,5,20,1,0,16,0,0,0,0.0,0.0,0,1,3,0.0,0.0,0.0,0.0,0.0
Ousmane Dembélé,5,26,26,17,1506,3,8,11,4.4,6.7,160,133,247,0.18,0.48,0.66,0.26,0.4
Jessy Deminguet,5,25,18,9,690,0,0,0,0.3,0.4,7,24,13,0.0,0.0,0.0,0.03,0.06
Ermedin Demirović,5,25,33,33,2873,15,9,24,13.5,3.9,28,60,167,0.47,0.28,0.75,0.42,0.12
Diego Demme,4,31,2,1,73,0,0,0,0.0,0.0,3,5,0,0.0,0.0,0.0,0.0,0.0
Sepp van den Berg,0,21,33,31,2839,3,0,3,2.7,0.3,7,95,6,0.1,0.0,0.1,0.08,0.01
Leander Dendoncker,4,28,8,1,119,1,0,1,0.7,0.0,0,3,2,0.76,0.0,0.76,0.56,0.0
Leander Dendoncker,4,28,3,0,24,0,0,0,0.0,0.0,0,2,0,0.0,0.0,0.0,0.12,0.0
Rémy Descamps,3,27,6,6,540,0,0,0,0.0,0.0,0,0,0,0.0,0.0,0.0,0.0,0.0
Mikkel Desler,0,28,24,19,1544,0,1,1,1.1,0.7,30,81,96,0.0,0.06,0.06,0.06,0.04
Arthur Desmas,3,29,33,33,2970,0,0,0,0.0,0.4,0,0,0,0.0,0.0,0.0,0.0,0.01
Mattia Destro,5,32,15,3,366,0,0,0,1.2,0.3,4,4,19,0.0,0.0,0.0,0.29,0.08
Samuele Di Benedetto,4,18,1,0,7,0,0,0,0.0,0.0,0,0,1,0.0,0.0,0.0,0.0,0.3
Federico Di Francesco,5,29,2,0,15,1,0,1,0.1,0.0,1,1,3,6.0,0.0,6.0,0.53,0.0
Raffaele Di Gennaro,3,29,1,0,23,0,0,0,0.0,0.0,0,0,0,0.0,0.0,0.0,0.0,0.0
Michele Di Gregorio,3,26,33,33,2872,0,0,0,0.0,0.0,0,1,0,0.0,0.0,0.0,0.0,0.0
Giovanni Di Lorenzo,0,29,36,36,3234,1,6,7,3.1,4.9,95,304,250,0.03,0.17,0.19,0.09,0.14
Alessandro Di Pardo,1,24,15,2,359,0,0,0,0.1,0.2,6,11,19,0.0,0.0,0.0,0.02,0.05
Boulaye Dia,5,26,17,12,1143,4,0,4,3.9,0.5,18,22,57,0.31,0.0,0.31,0.31,0.04
Moussa Diaby,5,24,38,25,2174,6,8,14,7.0,6.6,94,72,183,0.25,0.33,0.58,0.29,0.27
Lamine Diack,4,22,1,0,1,0,0,0,0.0,0.0,0,0,0,0.0,0.0,0.0,0.0,0.0
Mouctar Diakhaby,1,26,14,12,1073,1,0,1,0.7,0.0,7,29,1,0.08,0.0,0.08,0.06,0.0
Mamadou Diakhon,5,17,11,1,209,0,0,0,0.0,0.2,11,1,16,0.0,0.0,0.0,0.01,0.1
Bafodé Diakité,0,22,21,19,1696,5,2,7,2.0,1.4,15,95,16,0.27,0.11,0.37,0.11,0.08
Ibrahim Diakité,0,19,5,1,109,0,0,0,0.0,0.2,7,7,9,0.0,0.0,0.0,0.0,0.16
Moussa Diakité,4,19,1,0,1,0,0,0,0.0,0.0,0,0,0,0.0,0.0,0.0,0.0,0.0
Oumar Diakité,2,19,28,18,1585,5,1,6,7.0,1.3,29,28,107,0.28,0.06,0.34,0.4,0.07
Amad Diallo,5,21,9,3,390,1,1,2,0.5,1.1,11,10,31,0.23,0.23,0.46,0.12,0.24
Amadou Diallo,4,20,1,0,1,0,0,0,0.0,0.0,0,0,0,0.0,0.0,0.0,0.0,0.0
Assane Diao,2,17,18,13,1048,2,0,2,2.5,0.7,33,20,101,0.17,0.0,0.17,0.21,0.06
Habib Diarra,5,19,31,28,2305,3,1,4,3.4,1.3,59,107,88,0.12,0.04,0.16,0.13,0.05
Moussa Diarra,0,22,22,15,1397,1,2,3,0.5,1.1,18,70,12,0.06,0.13,0.19,0.03,0.07
Rúben Dias,0,26,30,28,2559,0,0,0,1.4,0.3,34,173,16,0.0,0.0,0.0,0.05,0.01
Mory Diaw,3,30,30,30,2700,0,0,0,0.0,0.1,0,1,0,0.0,0.0,0.0,0.0,0.0
Mahamadou Diawara,4,18,11,4,358,0,0,0,0.7,0.1,13,20,14,0.0,0.0,0.0,0.19,0.03
Brahim Díaz,5,23,31,18,1545,8,6,14,5.7,4.4,76,75,166,0.47,0.35,0.82,0.33,0.26
Luis Díaz,2,26,37,32,2629,8,5,13,11.9,5.7,137,113,302,0.27,0.17,0.45,0.41,0.19
Víctor Díaz,1,35,4,2,162,0,0,0,0.0,0.0,0,2,0,0.0,0.0,0.0,0.0,0.0
Famara Diedhiou,5,30,8,0,89,0,1,1,0.5,0.2,5,0,19,0.0,1.01,1.01,0.5,0.21
Justin Diehl,5,18,7,1,168,0,0,0,0.2,0.2,6,2,17,0.0,0.0,0.0,0.12,0.1
Bamba Dieng,2,23,16,5,549,4,1,5,3.2,1.6,5,4,44,0.66,0.16,0.82,0.53,0.27
Eric Dier,0,29,4,1,201,0,0,0,0.0,0.0,0,3,0,0.0,0.0,0.0,0.0,0.0
Eric Dier,0,29,15,13,1166,0,0,0,0.7,0.1,8,53,1,0.0,0.0,0.0,0.05,0.01
Guillaume Dietsch,3,22,1,0,73,0,0,0,0.0,0.0,0,0,0,0.0,0.0,0.0,0.0,0.0
Florian Dietz,5,24,5,0,70,0,0,0,0.3,0.1,0,0,8,0.0,0.0,0.0,0.34,0.12
Lucas Digne,0,30,33,27,2410,1,3,4,1.1,4.1,42,77,200,0.04,0.11,0.15,0.04,0.15
Federico Dimarco,0,25,30,29,2077,5,6,11,2.9,8.5,51,100,198,0.22,0.26,0.48,0.13,0.37
Stole Dimitrievski,3,29,37,37,3330,0,0,0,0.0,0.1,0,0,0,0.0,0.0,0.0,0.0,0.0
Junior Dina Ebimbe,1,22,31,25,1956,5,3,8,5.0,2.9,57,79,157,0.23,0.14,0.37,0.23,0.13
Eren Dinkçi,5,21,33,33,2650,10,5,15,4.3,3.7,85,89,143,0.34,0.17,0.51,0.15,0.13
Sinaly Diomande,0,22,10,10,889,0,0,0,1.0,0.7,5,43,0,0.0,0.0,0.0,0.1,0.07
Edan Diop,1,18,10,0,163,0,0,0,0.0,0.0,4,7,11,0.0,0.0,0.0,0.0,0.0
Issa Diop,0,26,18,16,1424,0,0,0,0.3,0.0,11,66,1,0.0,0.0,0.0,0.02,0.0
Sofiane Diop,2,23,10,6,499,0,0,0,1.2,0.8,20,17,43,0.0,0.0,0.0,0.22,0.14
Andy Diouf,4,20,25,16,1314,1,0,1,1.5,1.1,63,80,55,0.07,0.0,0.07,0.1,0.08
Yehvann Diouf,3,23,34,34,3060,0,0,0,0.0,0.0,0,3,0,0.0,0.0,0.0,0.0,0.0
Axel Disasi,0,25,31,29,2579,2,0,2,2.4,0.3,30,112,21,0.07,0.0,0.07,0.08,0.01
Tiago Djaló,0,23,1,0,17,0,0,0,0.0,0.0,1,2,0,0.0,0.0,0.0,0.0,0.0
Chaim El Djebali,4,19,1,0,12,0,0,0,0.0,0.0,1,2,0,0.0,0.0,0.0,0.0,0.0
Djené,1,31,33,30,2484,0,0,0,0.1,0.3,13,98,19,0.0,0.0,0.0,0.0,0.01
Koffi Djidji,0,30,13,8,759,0,0,0,0.1,0.0,4,19,3,0.0,0.0,0.0,0.01,0.0
Berat Djimsiti,0,30,37,32,2832,0,1,1,0.8,0.7,6,79,10,0.0,0.03,0.03,0.03,0.02
Marko Dmitrović,3,31,13,13,1170,0,0,0,0.0,0.0,0,1,0,0.0,0.0,0.0,0.0,0.0
Ben Doak,2,17,1,0,14,0,0,0,0.0,0.0,0,0,0,0.0,0.0,0.0,0.0,0.0
Ritsu Doan,1,25,30,26,2246,7,2,9,5.0,3.1,49,78,139,0.28,0.08,0.36,0.2,0.12
Lewis Dobbin,4,20,12,1,232,1,0,1,0.3,0.5,6,3,20,0.39,0.0,0.39,0.11,0.19
Dodô,0,24,9,7,523,0,0,0,0.1,0.8,20,39,21,0.0,0.0,0.0,0.01,0.13
Danilho Doekhi,0,25,24,24,2160,2,0,2,1.2,0.2,7,65,6,0.08,0.0,0.08,0.05,0.01
Matt Doherty,1,31,30,9,1150,1,0,1,0.8,1.3,12,31,64,0.08,0.0,0.08,0.07,0.1
Josh Doig,0,21,12,11,830,0,0,0,0.2,0.3,23,15,22,0.0,0.0,0.0,0.02,0.04
Josh Doig,0,21,16,15,1343,0,2,2,0.2,1.1,30,33,45,0.0,0.13,0.13,0.01,0.08
Jeremy Doku,5,21,29,18,1595,3,8,11,2.5,4.6,218,57,295,0.17,0.45,0.62,0.14,0.26
Jeremy Doku,2,21,2,1,111,1,0,1,0.6,0.2,11,5,19,0.81,0.0,0.81,0.48,0.16
Jaume Doménech,3,32,2,1,79,0,0,0,0.0,0.0,0,0,0,0.0,0.0,0.0,0.0,0.0
Carlos Dominguez,0,22,22,18,1584,0,0,0,0.3,0.1,11,63,3,0.0,0.0,0.0,0.02,0.01
Mario Dominguez,2,19,3,0,25,0,0,0,0.2,0.0,0,1,1,0.0,0.0,0.0,0.59,0.0
Nicolás Domínguez,5,25,26,19,1495,2,2,4,1.3,1.0,14,91,43,0.12,0.12,0.24,0.08,0.06
Nicolás Domínguez,4,25,2,1,102,0,0,0,0.0,0.0,1,9,3,0.0,0.0,0.0,0.0,0.04
Giulio Donati,0,33,4,0,36,0,0,0,0.0,0.2,0,3,5,0.0,0.0,0.0,0.05,0.46
Jamie Donley,2,18,3,0,3,0,0,0,0.0,0.0,0,0,0,0.0,0.0,0.0,0.0,0.0
Gianluigi Donnarumma,3,24,25,25,2169,0,0,0,0.0,0.0,0,0,0,0.0,0.0,0.0,0.0,0.0
Patrick Dorgu,1,18,32,17,1564,2,0,2,2.0,1.6,37,49,86,0.12,0.0,0.12,0.11,0.09
Niklas Dorsch,4,25,21,16,1386,0,0,0,0.7,0.1,12,47,12,0.0,0.0,0.0,0.04,0.01
Alberto Dossena,0,24,35,33,2977,2,4,6,2.2,2.1,9,89,2,0.06,0.12,0.18,0.07,0.06
Carlos Dotor,4,22,17,7,708,0,0,0,0.2,0.1,3,30,12,0.0,0.0,0.0,0.02,0.02
Abdoulaye Doucouré,5,30,32,32,2629,7,1,8,8.8,2.9,55,97,140,0.24,0.03,0.27,0.3,0.1
Cheick Doucouré,4,23,11,11,919,0,0,0,0.3,0.7,9,49,5,0.0,0.0,0.0,0.03,0.07
Siriné Doucouré,2,21,11,5,423,1,3,4,0.9,1.3,14,5,35,0.21,0.64,0.85,0.2,0.28
Désiré Doué,5,18,31,17,1626,4,4,8,2.4,3.7,78,121,172,0.22,0.22,0.44,0.13,0.21
Guela Doué,0,20,24,13,1234,0,2,2,0.5,1.1,41,53,85,0.0,0.15,0.15,0.04,0.08
Alfie Doughty,0,23,37,34,2925,2,8,10,1.3,6.3,94,106,164,0.06,0.25,0.31,0.04,0.19
Douglas,4,26,25,22,1772,0,0,0,1.2,1.1,12,105,18,0.0,0.0,0.0,0.06,0.06
Ismaël Doukouré,1,20,22,19,1656,0,0,0,0.3,0.2,15,80,7,0.0,0.0,0.0,0.02,0.01
Kamory Doumbia,4,20,25,7,879,6,5,11,4.2,0.9,22,48,43,0.61,0.51,1.13,0.43,0.09
Anastasios Douvikas,2,23,32,7,905,7,1,8,4.6,1.3,10,13,53,0.7,0.1,0.8,0.46,0.13
Artem Dovbyk,2,26,36,32,2587,24,8,32,24.2,6.2,18,26,118,0.83,0.28,1.11,0.84,0.21
Nikola Dovedan,5,29,21,5,656,3,1,4,1.9,0.6,12,22,25,0.41,0.14,0.55,0.26,0.09
Damion Downs,5,19,10,0,181,2,0,2,1.0,0.0,1,0,5,0.99,0.0,0.99,0.51,0.0
Tommy Doyle,4,21,26,11,1222,0,0,0,0.4,0.4,21,81,17,0.0,0.0,0.0,0.03,0.03
Radu Drăgușin,0,21,9,4,429,0,0,0,0.1,0.0,5,8,1,0.0,0.0,0.0,0.03,0.0
Radu Drăgușin,0,21,19,19,1710,2,1,3,1.0,0.8,6,29,13,0.11,0.05,0.16,0.05,0.04
Dion Drena Beljo,5,21,26,3,581,2,0,2,3.0,0.5,16,20,35,0.31,0.0,0.31,0.46,0.08
Tim Drexler,0,18,8,6,573,0,0,0,0.0,0.0,6,12,0,0.0,0.0,0.0,0.0,0.0
Domingos Duarte,0,28,15,11,907,0,0,0,0.3,0.1,7,47,0,0.0,0.0,0.0,0.03,0.01
Rubén Duarte,0,27,28,21,1878,2,1,3,0.7,1.5,16,81,39,0.1,0.05,0.14,0.03,0.07
Martin Dúbravka,3,34,23,22,1985,0,0,0,0.0,0.1,0,0,0,0.0,0.0,0.0,0.0,0.0
Marvin Ducksch,2,29,33,32,2696,12,9,21,12.8,7.8,17,88,150,0.4,0.3,0.7,0.43,0.26
Ondrej Duda,4,28,32,29,2456,1,4,5,2.2,3.3,34,117,47,0.04,0.15,0.18,0.08,0.12
Denzel Dumfries,0,27,31,19,1639,4,4,8,2.3,4.9,50,51,147,0.22,0.22,0.44,0.12,0.27
Paul Dummett,0,31,5,0,20,0,0,0,0.0,0.0,1,1,0,0.0,0.0,0.0,0.11,0.0
Alfred Duncan,4,30,30,24,1888,2,5,7,1.5,2.0,23,133,47,0.1,0.24,0.33,0.07,0.1
Lewis Dunk,0,31,33,33,2869,3,1,4,3.1,0.9,33,152,13,0.09,0.03,0.13,0.1,0.03
Jhon Durán,5,19,23,3,475,5,0,5,2.0,0.3,9,9,25,0.95,0.0,0.95,0.38,0.06
Julien Duranville,5,17,2,0,12,0,0,0,0.0,0.0,2,0,1,0.0,0.0,0.0,0.0,0.0
Hugo Duro,2,23,37,35,2976,13,2,15,11.5,1.3,27,34,157,0.39,0.06,0.45,0.35,0.04
Jean-Kevin Duverne,0,26,19,15,1348,0,0,0,0.3,0.2,18,64,23,0.0,0.0,0.0,0.02,0.01
Paulo Dybala,5,29,28,25,1959,13,9,22,10.6,4.3,79,122,167,0.6,0.41,1.01,0.49,0.2
Aron Dønnum,5,25,27,19,1595,0,1,1,1.0,2.1,69,66,120,0.0,0.06,0.06,0.06,0.12
George Earthy,2,18,3,0,34,1,0,1,0.3,0.0,0,1,3,2.65,0.0,2.65,0.82,0.0
Simon Ebonog,4,18,4,0,20,0,0,0,0.0,0.0,0,1,0,0.0,0.0,0.0,0.0,0.0
Festy Ebosele,0,20,31,20,1700,0,0,0,0.8,1.8,67,35,98,0.0,0.0,0.0,0.04,0.1
Enzo Ebosse,0,24,1,0,8,0,0,0,0.0,0.0,0,1,0,0.0,0.0,0.0,0.0,0.0
Tyronne Ebuehi,0,27,15,11,1099,0,1,1,0.3,0.9,34,37,35,0.0,0.08,0.08,0.02,0.07
Ederson,3,29,33,33,2785,0,0,0,0.0,0.1,0,4,0,0.0,0.0,0.0,0.0,0.0
Éderson,4,24,36,32,2869,6,1,7,3.5,1.4,32,214,50,0.19,0.03,0.22,0.11,0.04
Odsonne Édouard,5,25,30,17,1555,7,0,7,6.2,1.2,33,36,100,0.41,0.0,0.41,0.36,0.07
John Egan,0,30,6,6,482,0,0,0,0.2,0.0,0,5,1,0.0,0.0,0.0,0.03,0.0
Maximilian Eggestein,4,26,33,33,2914,1,2,3,2.4,2.8,42,162,72,0.03,0.06,0.09,0.07,0.09
Lilian Egloff,1,20,5,1,106,0,0,0,0.2,0.0,2,2,2,0.0,0.0,0.0,0.15,0.0
Kingsley Ehizibue,0,28,23,11,955,0,1,1,1.3,0.7,18,15,44,0.0,0.09,0.09,0.12,0.07
Hjalmar Ekdal,0,24,8,5,437,0,0,0,0.1,0.1,5,11,1,0.0,0.0,0.0,0.01,0.01
Hugo Ekitike,2,21,1,0,9,0,0,0,0.0,0.0,0,1,3,0.0,0.0,0.0,0.0,0.3
Hugo Ekitike,2,21,14,7,716,4,2,6,2.4,1.7,16,9,60,0.5,0.25,0.75,0.3,0.21
Emmanuel Ekong,2,21,1,0,5,0,0,0,0.0,0.0,0,0,1,0.0,0.0,0.0,0.0,0.19
Caleb Ekuban,2,29,29,10,1131,4,1,5,2.9,1.4,14,15,93,0.32,0.08,0.4,0.23,0.11
Anthony Elanga,5,21,36,25,2433,5,9,14,6.6,6.7,98,49,196,0.18,0.33,0.52,0.24,0.25
Simon Elisor,2,24,14,9,767,1,0,1,2.3,0.9,9,14,43,0.12,0.0,0.12,0.27,0.11
Harvey Elliott,5,20,34,11,1352,3,6,9,2.7,3.5,44,128,122,0.2,0.4,0.6,0.18,0.23
Elif Elmas,5,23,11,4,339,2,0,2,0.5,0.2,14,16,26,0.53,0.0,0.53,0.13,0.06
Elif Elmas,5,23,14,2,266,0,0,0,0.8,0.1,9,9,18,0.0,0.0,0.0,0.27,0.04
Mohamed Elneny,4,31,3,0,28,0,0,0,0.1,0.0,1,1,0,0.0,0.0,0.0,0.26,0.0
Aritz Elustondo,0,29,15,7,812,0,1,1,0.3,0.6,4,31,2,0.0,0.11,0.11,0.03,0.07
Nico Elvedi,0,26,30,28,2482,2,1,3,1.6,0.1,37,109,6,0.07,0.04,0.11,0.06,0.0
Adri Embarba,5,31,36,29,2476,3,2,5,4.3,4.4,94,58,167,0.11,0.07,0.18,0.16,0.16
Breel Embolo,2,26,5,2,182,1,0,1,0.7,0.1,8,7,20,0.49,0.0,0.49,0.35,0.06
Emanuel Emegha,2,20,28,23,2078,8,1,9,10.8,0.4,24,11,115,0.35,0.04,0.39,0.47,0.02
Emerson,0,24,22,11,1161,1,0,1,0.2,0.4,21,57,35,0.08,0.0,0.08,0.02,0.03
Youssef En-Nesyri,2,26,33,28,2570,16,2,18,10.8,1.3,17,17,81,0.56,0.07,0.63,0.38,0.04
Julio Enciso,5,19,12,5,475,0,2,2,1.4,1.7,28,21,29,0.0,0.38,0.38,0.27,0.32
Wataru Endo,4,30,29,20,1722,1,0,1,0.5,1.7,10,101,21,0.05,0.0,0.05,0.03,0.09
Arne Engels,1,19,32,13,1405,3,2,5,1.8,1.2,23,52,62,0.19,0.13,0.32,0.12,0.08
Christian Eriksen,4,31,22,12,1141,1,2,3,1.0,2.3,20,68,23,0.08,0.16,0.24,0.08,0.18
Martin Erlic,0,25,32,31,2618,1,0,1,1.0,0.0,19,78,11,0.03,0.0,0.03,0.03,0.0
Gonzalo Escalante,4,30,25,18,1697,1,2,3,1.9,1.7,4,66,14,0.05,0.11,0.16,0.1,0.09
Aarón Escandell,3,27,2,1,153,0,0,0,0.0,0.0,0,0,0,0.0,0.0,0.0,0.0,0.0
Alfonso Espino,0,31,31,29,2507,0,1,1,1.0,2.8,41,113,89,0.0,0.04,0.04,0.04,0.1
Bernardo Espinosa,0,34,2,0,2,0,0,0,0.0,0.0,0,0,0,0.0,0.0,0.0,0.0,0.0
Maxime Estève,0,21,16,15,1309,0,0,0,0.3,0.0,15,40,3,0.0,0.0,0.0,0.02,0.0
Maxime Estève,0,21,12,12,995,1,1,2,0.2,0.3,8,23,10,0.09,0.09,0.18,0.02,0.02
Oscar Estupiñan,2,26,6,4,260,0,0,0,0.5,0.0,5,2,8,0.0,0.0,0.0,0.18,0.01
Pervis Estupiñán,0,25,19,15,1243,2,3,5,1.0,3.5,47,83,88,0.14,0.22,0.36,0.07,0.25
Karl Etta,2,19,1,0,21,0,0,0,0.0,0.0,0,0,1,0.0,0.0,0.0,0.0,0.0
Jonny Evans,0,35,23,15,1392,0,1,1,0.1,1.2,7,37,1,0.0,0.06,0.06,0.0,0.08
Eberechi Eze,5,25,27,24,2055,11,4,15,9.1,5.2,68,93,139,0.48,0.18,0.66,0.4,0.23
Abde Ezzalzouli,5,21,2,0,68,0,0,0,0.2,0.1,7,1,12,0.0,0.0,0.0,0.28,0.09
Abde Ezzalzouli,2,21,26,6,865,1,0,1,3.0,0.3,57,25,89,0.1,0.0,0.1,0.31,0.03
Giovanni Fabbian,5,20,27,11,1057,5,2,7,4.2,1.9,11,17,41,0.43,0.17,0.6,0.35,0.16
Łukasz Fabiański,3,38,10,7,721,0,0,0,0.0,0.0,0,1,0,0.0,0.0,0.0,0.0,0.0
Nicolò Fagioli,4,22,8,4,437,0,2,2,0.4,0.7,8,23,15,0.0,0.41,0.41,0.08,0.15
Romain Faivre,5,25,5,0,41,0,0,0,0.2,0.0,4,5,4,0.0,0.0,0.0,0.34,0.0
Romain Faivre,5,25,17,16,1453,5,1,6,2.8,1.7,68,102,78,0.31,0.06,0.37,0.17,0.1
Ilhan Fakili,5,17,3,1,94,0,0,0,0.2,0.0,2,4,7,0.0,0.0,0.0,0.17,0.03
Wladimiro Falcone,3,28,38,38,3420,0,0,0,0.0,0.2,0,1,0,0.0,0.0,0.0,0.0,0.0
Fali,0,29,30,30,2547,0,0,0,0.8,0.1,16,82,10,0.0,0.0,0.0,0.03,0.0
Davide Faraoni,0,31,11,7,602,0,1,1,0.4,0.4,13,28,31,0.0,0.15,0.15,0.06,0.05
Davide Faraoni,0,31,8,4,392,0,1,1,0.1,0.4,7,17,16,0.0,0.23,0.23,0.02,0.08
Ansu Fati,5,20,19,3,521,2,0,2,3.4,0.8,16,28,50,0.35,0.0,0.35,0.59,0.14
Ansu Fati,5,20,3,0,50,0,0,0,0.7,0.0,6,4,5,0.0,0.0,0.0,1.34,0.0
Khalil Fayad,5,19,23,11,1025,3,0,3,1.9,0.5,18,35,47,0.26,0.0,0.26,0.17,0.04
Federico Fazio,0,36,17,15,1355,1,0,1,0.4,0.1,2,27,2,0.07,0.0,0.07,0.03,0.01
Jacopo Fazzini,4,20,31,14,1232,1,1,2,1.2,2.3,24,47,51,0.07,0.07,0.15,0.09,0.16
Peter Federico,5,21,15,5,649,0,0,0,1.7,1.0,19,16,48,0.0,0.0,0.0,0.24,0.14
Nabil Fekir,5,30,19,10,1049,1,2,3,2.2,2.3,32,67,77,0.09,0.17,0.26,0.19,0.2
Felipe,0,34,7,4,375,0,0,0,0.1,0.1,1,6,0,0.0,0.0,0.0,0.03,0.01
Luiz Felipe,0,26,4,4,360,0,0,0,0.1,0.2,0,4,0,0.0,0.0,0.0,0.02,0.06
João Félix,2,23,30,18,1540,7,3,10,8.7,3.1,69,68,169,0.41,0.18,0.58,0.51,0.18
Ohis Felix Uduokhai,0,25,33,33,2921,2,0,2,1.4,0.8,25,101,6,0.06,0.0,0.06,0.04,0.02
Kiko Femenía,0,32,23,16,1583,0,0,0,0.0,0.6,46,100,45,0.0,0.0,0.0,0.0,0.04
Evan Ferguson,2,18,27,15,1367,6,0,6,4.6,0.5,13,15,62,0.4,0.0,0.4,0.3,0.04
Lewis Ferguson,4,23,31,31,2712,6,3,9,5.4,2.3,57,142,138,0.2,0.1,0.3,0.18,0.08
Bruno Fernandes,5,28,35,35,3118,10,8,18,10.0,11.8,86,297,182,0.29,0.23,0.52,0.29,0.34
Edimilson Fernandes,0,27,21,13,1290,0,2,2,0.5,0.7,9,53,9,0.0,0.14,0.14,0.04,0.05
Aitor Fernández,3,32,7,6,551,0,0,0,0.0,0.0,0,1,0,0.0,0.0,0.0,0.0,0.0
Álex Fernández,4,30,26,14,1285,0,1,1,0.3,0.8,11,52,26,0.0,0.07,0.07,0.02,0.05
Carlos Fernández,2,27,10,5,408,2,1,3,1.5,0.5,5,4,13,0.44,0.22,0.66,0.33,0.12
Enzo Fernández,4,22,28,26,2209,3,2,5,6.2,3.4,52,210,54,0.12,0.08,0.2,0.25,0.14
Raúl Fernández,3,35,4,4,280,0,0,0,0.0,0.0,0,0,0,0.0,0.0,0.0,0.0,0.0
Valery Fernández,5,23,27,2,506,2,0,2,0.7,0.8,20,12,54,0.36,0.0,0.36,0.12,0.14
Fernando,3,33,4,4,360,0,0,0,0.0,0.0,0,0,0,0.0,0.0,0.0,0.0,0.0
Fernando,4,36,8,5,459,0,0,0,0.0,0.3,5,24,7,0.0,0.0,0.0,0.0,0.06
Ichem Ferrah,2,17,1,0,3,0,0,0,0.0,0.0,0,0,2,0.0,0.0,0.0,0.0,0.0
Andrea Ferraris,4,20,1,0,10,0,0,0,0.0,0.0,0,1,0,0.0,0.0,0.0,0.0,0.0
André Ferreira,3,27,15,14,1340,0,0,0,0.0,0.0,0,0,0,0.0,0.0,0.0,0.0,0.0
João Ferreira,0,22,35,18,1822,0,1,1,0.1,0.9,19,61,45,0.0,0.05,0.05,0.01,0.05
Jordan Ferri,4,31,30,23,2031,1,1,2,0.6,1.9,37,173,68,0.04,0.04,0.09,0.03,0.09
Nacho Ferri,5,18,8,0,74,1,0,1,1.2,0.0,0,2,8,1.22,0.0,1.22,1.43,0.05
Rachad Fettal,2,18,1,0,17,0,0,0,0.1,0.0,0,0,2,0.0,0.0,0.0,0.41,0.12
Vincenzo Fiorillo,3,33,4,4,360,0,0,0,0.0,0.0,0,0,0,0.0,0.0,0.0,0.0,0.0
Kilian Fischer,1,22,6,4,291,0,0,0,0.1,0.1,6,6,9,0.0,0.0,0.0,0.03,0.03
John Fleck,1,31,4,1,92,0,0,0,0.0,0.4,2,3,0,0.0,0.0,0.0,0.0,0.44
Mark Flekken,3,30,37,37,3285,0,1,1,0.0,0.5,0,5,0,0.0,0.03,0.03,0.0,0.01
Alessandro Florenzi,0,32,31,19,1732,1,4,5,1.7,3.4,29,106,50,0.05,0.21,0.26,0.09,0.18
Phil Foden,5,23,35,33,2857,19,8,27,10.3,8.4,93,168,269,0.6,0.25,0.85,0.33,0.26
Wes Foderingham,3,32,30,29,2649,0,0,0,0.0,0.1,0,0,0,0.0,0.0,0.0,0.0,0.0
Malick Fofana,2,18,17,4,559,3,0,3,1.8,0.5,26,10,60,0.48,0.0,0.48,0.29,0.09
Youssouf Fofana,4,24,32,31,2697,4,4,8,5.0,3.4,53,249,86,0.13,0.13,0.27,0.17,0.11
Jonas Föhrenbach,0,27,33,32,2788,0,0,0,0.5,0.8,44,96,69,0.0,0.0,0.0,0.02,0.03
Thomas Foket,0,28,27,22,1833,0,1,1,0.2,0.9,24,65,84,0.0,0.05,0.05,0.01,0.04
Michael Folorunsho,5,25,34,33,2781,5,1,6,4.0,1.4,56,54,110,0.16,0.03,0.19,0.13,0.04
Tiago Fonseca Morais,2,19,3,0,46,0,0,0,0.4,0.0,3,3,2,0.0,0.0,0.0,0.7,0.0
Pablo Fornals,5,27,15,4,426,0,0,0,0.3,0.3,4,29,27,0.0,0.0,0.0,0.07,0.07
Pablo Fornals,5,27,15,14,1148,3,2,5,1.8,1.6,37,89,82,0.24,0.16,0.39,0.14,0.13
Emil Forsberg,5,31,14,5,464,2,1,3,1.4,0.9,8,22,38,0.39,0.19,0.58,0.27,0.17
Omari Forson,2,19,4,1,70,0,1,1,0.0,0.2,1,2,2,0.0,1.29,1.29,0.04,0.23
Philipp Förster,5,28,13,3,385,0,0,0,0.5,0.5,7,21,19,0.0,0.0,0.0,0.11,0.11
Héctor Fort,0,16,7,4,318,0,2,2,0.0,0.8,3,7,38,0.0,0.57,0.57,0.0,0.23
Lyle Foster,5,22,24,22,1899,5,3,8,4.5,1.9,55,37,104,0.24,0.14,0.38,0.21,0.09
Dimitri Foulquier,1,30,33,19,1842,0,0,0,0.6,1.2,42,72,64,0.0,0.0,0.0,0.03,0.06
Juan Foyth,0,25,12,12,1062,1,1,2,0.4,0.9,19,51,28,0.08,0.08,0.17,0.03,0.08
Matheus França,5,19,10,1,232,0,1,1,0.4,0.9,12,8,12,0.0,0.39,0.39,0.14,0.34
Bartol Franjić,4,23,20,14,1229,0,1,1,0.3,0.2,13,50,14,0.0,0.07,0.07,0.02,0.02
Przemysław Frankowski,0,28,30,24,2192,3,2,5,3.7,3.8,56,112,210,0.12,0.08,0.21,0.15,0.16
Nathan Fraser,2,18,7,1,186,0,0,0,0.3,0.1,1,2,21,0.0,0.0,0.0,0.16,0.04
Davide Frattesi,4,23,32,6,955,6,3,9,7.1,1.9,27,37,40,0.57,0.28,0.85,0.67,0.18
Jean Frederic N'Guessan,5,20,6,1,110,0,0,0,0.1,0.0,1,5,2,0.0,0.0,0.0,0.07,0.0
Morten Frendrup,4,22,37,36,3145,2,5,7,1.7,1.6,36,105,69,0.06,0.14,0.2,0.05,0.05
Remo Freuler,4,31,32,30,2624,1,1,2,1.2,1.1,37,165,48,0.03,0.03,0.07,0.04,0.04
Marco Friedl,0,25,25,25,2197,1,0,1,0.2,0.1,4,59,2,0.04,0.0,0.04,0.01,0.0
Marvin Friedrich,0,27,24,17,1566,0,0,0,0.6,0.2,2,34,4,0.0,0.0,0.0,0.03,0.01
Jeremie Frimpong,0,22,31,27,2251,9,7,16,8.2,5.9,153,49,348,0.36,0.28,0.64,0.33,0.23
Jorge de Frutos,5,26,36,14,1549,2,0,2,2.6,1.4,42,40,144,0.12,0.0,0.12,0.15,0.08
Chris Führich,5,25,34,33,2567,8,7,15,6.6,8.0,153,145,259,0.28,0.25,0.53,0.23,0.28
Shiō Fukuda,5,19,5,0,36,0,0,0,0.2,0.0,0,0,2,0.0,0.0,0.0,0.4,0.07
Angelo Fulgini,4,26,29,16,1376,1,2,3,3.2,3.2,35,74,117,0.07,0.13,0.2,0.21,0.21
Niclas Füllkrug,2,30,2,2,180,0,0,0,0.5,0.3,2,9,12,0.0,0.0,0.0,0.23,0.13
Niclas Füllkrug,2,30,29,27,2212,12,8,20,12.4,3.1,17,49,119,0.49,0.33,0.81,0.5,0.13
Gerardo Fusco,2,18,1,0,15,0,0,0,0.0,0.0,0,0,1,0.0,0.0,0.0,0.0,0.22
Daniel Fuzato,3,26,1,0,7,0,0,0,0.0,0.0,0,0,0,0.0,0.0,0.0,0.0,0.0
Matteo Gabbia,0,23,18,14,1275,2,1,3,1.6,0.3,11,42,2,0.14,0.07,0.21,0.11,0.02
Matteo Gabbia,0,23,7,6,477,0,0,0,0.0,0.1,1,9,0,0.0,0.0,0.0,0.0,0.02
Gianluca Gaetano,5,23,11,10,745,4,1,5,1.3,1.3,17,41,42,0.48,0.12,0.6,0.15,0.16
Gianluca Gaetano,4,23,9,1,161,1,0,1,0.6,0.5,6,6,5,0.56,0.0,0.56,0.35,0.27
Roberto Gagliardini,1,29,33,29,2360,1,2,3,2.9,1.7,38,120,36,0.04,0.08,0.11,0.11,0.06
Cody Gakpo,5,24,35,17,1649,8,5,13,9.0,2.9,43,83,130,0.44,0.27,0.71,0.49,0.16
Javi Galán,0,28,5,0,88,0,0,0,0.0,0.1,3,4,13,0.0,0.0,0.0,0.0,0.06
Javi Galán,0,28,14,13,1075,0,1,1,0.1,0.7,46,45,70,0.0,0.08,0.08,0.01,0.06
Iñigo Ruiz de Galarreta,4,29,29,25,2091,1,1,2,0.3,2.3,26,147,36,0.04,0.04,0.09,0.01,0.1
Pablo Galdames Millán,1,26,2,0,11,0,0,0,0.0,0.0,0,5,1,0.0,0.0,0.0,0.25,0.0
Conor Gallagher,4,23,37,37,3128,5,7,12,4.2,5.0,62,172,122,0.14,0.2,0.35,0.12,0.15
Antonino Gallo,0,23,35,30,2490,0,3,3,0.5,4.5,69,125,101,0.0,0.11,0.11,0.02,0.16
Cristian Gamboa,0,33,22,12,1187,0,1,1,0.1,0.5,12,33,16,0.0,0.08,0.08,0.01,0.04
Kévin Gameiro,5,36,27,15,1346,4,2,6,3.4,2.7,26,44,81,0.27,0.13,0.4,0.23,0.18
Idrissa Gana Gueye,4,33,25,24,1884,4,0,4,1.3,1.1,29,83,41,0.19,0.0,0.19,0.06,0.05
Ignatius Ganago,5,24,6,2,184,0,0,0,0.4,0.6,7,5,26,0.0,0.0,0.0,0.21,0.27
Aleix García,4,26,37,36,3199,3,6,9,1.8,5.5,58,294,52,0.08,0.17,0.25,0.05,0.16
Álvaro García,5,30,32,30,2475,6,1,7,6.2,3.0,56,63,252,0.22,0.04,0.25,0.22,0.11
Dani García,4,33,17,7,745,1,0,1,0.8,0.2,3,36,4,0.12,0.0,0.12,0.1,0.03
David García,0,29,27,27,2334,0,1,1,1.0,1.3,21,133,4,0.0,0.04,0.04,0.04,0.05
Eric García,0,22,2,0,57,0,0,0,0.0,0.0,0,5,0,0.0,0.0,0.0,0.07,0.0
Eric García,0,22,30,30,2637,5,0,5,2.8,0.5,45,221,18,0.17,0.0,0.17,0.1,0.02
Fran Garcia,0,23,25,15,1398,1,5,6,0.5,2.4,53,60,139,0.06,0.32,0.39,0.03,0.16
Francisco Jesús Crespo García,2,27,17,6,504,2,0,2,1.3,0.6,17,20,66,0.36,0.0,0.36,0.23,0.11
Gonzalo García,5,19,2,0,19,0,0,0,0.0,0.0,1,0,3,0.0,0.0,0.0,0.16,0.0
Jastin García,2,19,3,0,32,0,0,0,0.0,0.0,2,2,8,0.0,0.0,0.0,0.0,0.0
Raúl García,5,37,20,1,420,1,0,1,0.9,0.0,4,19,15,0.21,0.0,0.21,0.2,0.0
Rubén García,5,30,30,19,1547,3,2,5,2.3,3.3,16,59,117,0.17,0.12,0.29,0.13,0.19
Ulisses Garcia,0,27,13,10,906,0,0,0,0.5,0.9,21,52,66,0.0,0.0,0.0,0.05,0.09
Unai García,0,31,9,6,560,1,0,1,0.1,0.0,2,12,1,0.16,0.0,0.16,0.02,0.0
Alejandro Garnacho,2,19,36,30,2565,7,4,11,8.4,5.1,178,62,281,0.25,0.14,0.39,0.29,0.18
James Garner,4,22,37,34,3004,1,2,3,2.7,4.6,36,100,76,0.03,0.06,0.09,0.08,0.14
Luca Garritano,1,29,12,5,485,0,0,0,0.7,0.3,6,23,23,0.0,0.0,0.0,0.13,0.06
Johan Gastien,4,35,28,28,2260,0,0,0,0.3,2.4,21,168,21,0.0,0.0,0.0,0.01,0.1
Federico Gatti,0,25,32,30,2637,4,0,4,5.5,1.5,52,122,43,0.14,0.0,0.14,0.19,0.05
Gavi,5,18,12,10,944,1,1,2,0.9,1.1,26,39,38,0.1,0.1,0.19,0.09,0.1
Paulo Gazzaniga,3,31,38,38,3420,0,0,0,0.0,0.7,0,0,0,0.0,0.0,0.0,0.0,0.02
Yann Gboho,5,22,16,13,1193,3,2,5,1.2,1.7,65,48,97,0.23,0.15,0.38,0.09,0.13
Dennis Geiger,4,25,3,0,64,0,0,0,0.0,0.2,1,3,2,0.0,0.0,0.0,0.0,0.31
Gelabert,5,22,16,10,754,1,2,3,0.8,1.3,14,33,57,0.12,0.24,0.36,0.09,0.16
Francesco Gelli,1,26,27,16,1561,0,0,0,0.7,2.4,42,61,87,0.0,0.0,0.0,0.04,0.14
Luca Gemello,3,23,2,2,180,0,0,0,0.0,0.0,0,0,0,0.0,0.0,0.0,0.0,0.0
Valentin Gendrey,0,23,37,35,3044,2,3,5,1.6,1.6,76,116,86,0.06,0.09,0.15,0.05,0.05
Denis Genreau,5,24,9,5,464,0,0,0,0.4,0.4,6,14,27,0.0,0.0,0.0,0.07,0.07
Yannick Gerhardt,1,29,25,18,1630,2,1,3,1.9,0.9,17,49,73,0.11,0.06,0.17,0.11,0.05
Anwar El Ghazi,1,28,3,0,54,0,1,1,0.1,0.2,2,4,5,0.0,1.67,1.67,0.22,0.39
Farés Ghedjemis,5,20,6,1,182,0,0,0,0.1,0.1,7,2,19,0.0,0.0,0.0,0.06,0.07
Saman Ghoddos,0,29,19,7,739,1,0,1,0.3,1.1,22,36,31,0.12,0.0,0.12,0.04,0.13
Lautaro Gianetti,0,29,7,7,630,1,0,1,0.4,0.1,2,4,0,0.14,0.0,0.14,0.06,0.01
Morgan Gibbs-White,5,23,37,35,3156,5,10,15,6.9,8.4,80,170,181,0.14,0.29,0.43,0.2,0.24
Samuel Gigot,0,29,21,20,1726,3,0,3,2.4,0.9,10,54,8,0.16,0.0,0.16,0.12,0.04
Bryan Gil,5,22,11,2,209,0,0,0,0.8,0.2,11,16,49,0.0,0.0,0.0,0.32,0.09
David Gil,3,29,5,4,372,0,0,0,0.0,0.0,0,0,0,0.0,0.0,0.0,0.0,0.0
Mario Gila,0,22,21,21,1809,0,0,0,0.5,0.5,21,93,12,0.0,0.0,0.0,0.03,0.02
Alfie Gilchrist,0,19,11,2,207,1,0,1,0.3,0.0,1,7,4,0.43,0.0,0.43,0.14,0.0
Billy Gilmour,4,22,30,24,2120,0,1,1,1.0,2.0,39,193,33,0.0,0.04,0.04,0.04,0.09
Benedikt Gimber,0,26,24,24,2021,1,1,2,1.4,1.1,3,25,6,0.04,0.04,0.09,0.06,0.05
Gvidas Gineitis,4,19,14,4,538,0,0,0,0.4,0.5,9,25,12,0.0,0.0,0.0,0.07,0.08
Matthias Ginter,0,29,23,22,1913,0,2,2,1.4,1.4,23,136,20,0.0,0.09,0.09,0.07,0.06
Olivier Giroud,2,36,35,28,2363,15,8,23,14.2,4.7,9,28,95,0.57,0.3,0.88,0.54,0.18
Klaus Gjasula,1,33,22,17,1363,0,0,0,0.5,0.2,8,70,7,0.0,0.0,0.0,0.03,0.01
Serge Gnabry,5,28,10,5,432,3,1,4,2.4,1.2,23,23,49,0.62,0.21,0.83,0.51,0.26
Ben Godfrey,0,25,15,13,1120,0,0,0,1.7,0.3,11,43,26,0.0,0.0,0.0,0.14,0.02
Edoardo Goldaniga,0,29,13,12,1011,0,0,0,0.5,0.1,9,50,3,0.0,0.0,0.0,0.05,0.01
Pierluigi Gollini,3,28,7,7,630,0,0,0,0.0,0.0,0,0,0,0.0,0.0,0.0,0.0,0.0
Aleksandr Golovin,5,27,25,25,2147,6,6,12,3.4,4.7,50,172,157,0.25,0.25,0.5,0.14,0.2
André Gomes,5,30,12,3,508,1,0,1,0.3,0.4,8,36,29,0.18,0.0,0.18,0.05,0.07
Angel Gomes,4,22,31,29,2571,0,8,8,2.0,6.2,49,204,71,0.0,0.28,0.28,0.07,0.22
João Gomes,4,22,34,32,2649,2,1,3,1.7,1.1,28,101,44,0.07,0.03,0.1,0.06,0.04
Toti Gomes,0,24,35,31,2772,1,3,4,1.6,1.2,22,79,11,0.03,0.1,0.13,0.05,0.04
Joe Gomez,0,26,32,17,1786,0,1,1,0.8,1.3,44,100,105,0.0,0.05,0.05,0.04,0.07
Maxi Gómez,2,26,31,12,1163,0,0,0,1.6,0.6,13,11,54,0.0,0.0,0.0,0.12,0.04
Moi Gómez,5,29,28,23,2006,3,0,3,1.7,0.9,36,127,69,0.13,0.0,0.13,0.08,0.04
Papu Gómez,5,35,2,0,41,0,0,0,0.0,0.2,2,3,1,0.0,0.0,0.0,0.0,0.43
Sergio Gómez,5,22,6,0,53,0,1,1,0.2,0.2,4,2,4,0.0,1.7,1.7,0.41,0.31
Unai Gómez,4,20,25,9,875,2,0,2,1.5,0.7,20,28,48,0.21,0.0,0.21,0.15,0.07
Iron Gomis,4,23,5,1,134,0,0,0,0.6,0.2,3,4,15,0.0,0.0,0.0,0.38,0.11
Maxime Gonalons,4,34,21,17,1296,1,0,1,0.4,0.2,8,81,10,0.07,0.0,0.07,0.03,0.01
Édgar González,1,26,31,30,2522,2,0,2,2.3,0.3,6,72,6,0.07,0.0,0.07,0.08,0.01
Enso Gonzalez,1,18,1,0,1,0,0,0,0.0,0.0,0,0,2,0.0,0.0,0.0,0.0,0.0
Fabio González,4,26,6,1,123,0,0,0,0.0,0.0,0,9,2,0.0,0.0,0.0,0.0,0.0
Giovanni González,0,28,34,27,2464,1,1,2,0.5,1.4,28,91,95,0.04,0.04,0.07,0.02,0.05
Hugo González,5,20,9,0,87,0,1,1,0.0,0.5,2,2,7,0.0,1.03,1.03,0.02,0.53
Iñaki González,4,19,1,0,5,0,0,0,0.0,0.0,0,0,0,0.0,0.0,0.0,0.0,0.0
Joan Gonzàlez,4,21,29,13,1291,1,1,2,1.2,1.0,25,49,41,0.07,0.07,0.14,0.08,0.07
Nicolás González,2,25,29,21,1913,12,2,14,10.4,1.6,53,100,190,0.56,0.09,0.66,0.49,0.07
Urko González,4,22,5,2,156,0,0,0,0.1,0.0,1,6,1,0.0,0.0,0.0,0.04,0.0
Anthony Gordon,2,22,35,34,2890,11,10,21,10.2,8.0,138,101,232,0.34,0.31,0.65,0.32,0.25
Kaide Gordon,2,18,1,0,1,0,0,0,0.0,0.0,0,1,0,0.0,0.0,0.0,0.0,0.0
Daniel Gore,4,18,1,0,1,0,0,0,0.0,0.0,0,0,0,0.0,0.0,0.0,0.0,0.0
Leon Goretzka,4,28,30,25,2241,6,7,13,5.0,5.3,66,176,71,0.24,0.28,0.52,0.2,0.21
Mathieu Gorgelin,3,32,1,1,90,0,0,0,0.0,0.0,0,0,0,0.0,0.0,0.0,0.0,0.0
Andoni Gorosabel,0,26,36,33,2854,1,0,1,0.7,1.3,58,117,121,0.03,0.0,0.03,0.02,0.04
Robin Gosens,1,29,30,27,2283,6,3,9,2.1,3.0,21,97,113,0.24,0.12,0.35,0.08,0.12
Mario Götze,4,31,30,23,2068,3,2,5,2.9,3.0,22,115,118,0.13,0.09,0.22,0.13,0.13
Amine Gouiri,5,23,31,24,2067,7,3,10,7.4,1.7,59,82,185,0.3,0.13,0.44,0.32,0.08
Jeffrey Gouweleeuw,0,32,30,29,2593,1,0,1,1.3,1.8,33,143,17,0.03,0.0,0.03,0.05,0.06
Pablo Gozalbez,5,22,5,1,103,0,0,0,0.0,0.0,0,0,5,0.0,0.0,0.0,0.01,0.0
Jonathan Gradit,0,30,26,26,2112,1,0,1,0.3,0.1,21,177,6,0.04,0.0,0.04,0.01,0.01
Jens Grahl,3,34,2,2,180,0,1,1,0.0,0.2,0,0,0,0.0,0.5,0.5,0.0,0.12
Samuel Grandsir,5,26,23,4,606,1,1,2,2.6,1.2,22,35,68,0.15,0.15,0.3,0.39,0.17
Alberto Grassi,4,28,27,22,1807,0,1,1,1.1,0.6,13,75,13,0.0,0.05,0.05,0.05,0.03
Ryan Gravenberch,4,21,26,12,1121,1,0,1,2.0,0.9,39,78,71,0.08,0.0,0.08,0.16,0.07
Ryan Gravenberch,2,21,1,0,10,0,0,0,0.0,0.2,0,1,3,0.0,0.0,0.0,0.0,1.92
Adrian Grbić,2,26,1,0,31,0,0,0,0.1,0.0,0,0,4,0.0,0.0,0.0,0.27,0.0
Ivo Grbić,3,27,9,9,771,0,0,0,0.0,0.0,0,0,0,0.0,0.0,0.0,0.0,0.0
Jack Grealish,5,27,20,10,1009,3,1,4,2.1,2.5,87,50,146,0.27,0.09,0.36,0.19,0.22
Mason Greenwood,5,21,33,30,2662,8,6,14,8.8,4.6,127,89,239,0.27,0.2,0.47,0.3,0.15
Michael Gregoritsch,2,29,32,19,1682,7,4,11,9.2,1.0,12,48,89,0.37,0.21,0.59,0.49,0.05
Dominik Greif,3,26,1,1,90,0,0,0,0.0,0.0,0,0,0,0.0,0.0,0.0,0.0,0.0
Antoine Griezmann,5,32,33,31,2644,16,6,22,12.3,5.6,43,118,196,0.54,0.2,0.75,0.42,0.19
Vincenzo Grifo,5,30,32,29,2325,8,8,16,7.7,8.2,54,115,148,0.31,0.31,0.62,0.3,0.32
Florian Grillitsch,1,27,30,25,2295,1,6,7,1.2,1.7,32,152,22,0.04,0.24,0.27,0.05,0.07
Álex Grimaldo,0,27,33,31,2784,10,13,23,5.7,9.1,77,162,261,0.32,0.42,0.74,0.18,0.3
Christian Groß,1,34,20,8,797,0,1,1,0.3,0.4,17,46,5,0.0,0.11,0.11,0.04,0.04
Pascal Groß,1,32,36,34,3114,4,10,14,6.5,8.1,83,302,180,0.12,0.29,0.4,0.19,0.24
Brajan Gruda,5,19,28,19,1641,4,3,7,3.5,4.1,100,71,167,0.22,0.16,0.38,0.19,0.23
Ilia Gruev,4,23,1,0,4,0,0,0,0.0,0.0,0,0,0,0.0,0.0,0.0,0.0,0.0
Vicente Guaita,3,36,27,26,2403,0,0,0,0.0,0.0,0,0,0,0.0,0.0,0.0,0.0,0.0
Andrés Guardado,4,36,12,4,447,0,0,0,0.1,0.2,5,36,6,0.0,0.0,0.0,0.03,0.04
Sergi Guardiola,5,32,22,1,495,1,1,2,1.8,0.8,10,19,32,0.18,0.18,0.36,0.33,0.14
Nemanja Gudelj,1,31,22,20,1742,1,1,2,0.8,0.4,23,73,5,0.05,0.05,0.1,0.04,0.02
Gonçalo Guedes,5,26,17,9,951,3,2,5,2.3,1.5,38,50,88,0.28,0.19,0.47,0.22,0.14
Marc Guéhi,0,23,25,23,2021,0,1,1,0.6,0.6,15,67,7,0.0,0.04,0.04,0.03,0.03
Mattéo Guendouzi,4,24,33,27,2367,2,3,5,1.6,2.3,46,119,79,0.08,0.11,0.19,0.06,0.09
Mattéo Guendouzi,4,24,2,0,19,0,0,0,0.5,0.0,2,1,1,0.0,0.0,0.0,2.59,0.0
Javier Guerra,4,20,36,28,2498,4,1,5,2.7,0.9,47,81,68,0.14,0.04,0.18,0.1,0.03
Raphaël Guerreiro,1,29,20,13,1191,3,0,3,2.4,2.0,36,86,90,0.23,0.0,0.23,0.18,0.15
Axel Guessand,0,18,1,0,45,0,0,0,0.0,0.0,1,1,1,0.0,0.0,0.0,0.02,0.0
Evann Guessand,2,22,34,14,1553,6,0,6,8.4,1.4,40,34,114,0.35,0.0,0.35,0.48,0.08
Ander Guevara,4,26,37,33,2932,1,0,1,0.7,0.9,53,187,37,0.03,0.0,0.03,0.02,0.03
Pape Gueye,1,24,15,9,765,1,0,1,0.4,0.8,8,61,18,0.12,0.0,0.12,0.05,0.09
Josuha Guilavogui,0,32,11,5,409,0,1,1,0.0,0.1,1,9,1,0.0,0.22,0.22,0.0,0.02
Morgan Guilavogui,5,25,23,2,566,2,0,2,1.6,1.2,16,36,75,0.32,0.0,0.32,0.25,0.2
Frederic Guilbert,1,28,32,29,2490,2,0,2,1.1,1.6,32,116,70,0.07,0.0,0.07,0.04,0.06
Hugo Guillamón,4,23,26,12,1315,1,0,1,0.2,0.4,6,65,10,0.07,0.0,0.07,0.01,0.03
Bruno Guimarães,4,25,37,37,3263,7,8,15,4.8,6.4,65,283,73,0.19,0.22,0.41,0.13,0.18
Serhou Guirassy,2,27,28,25,2208,28,3,31,20.8,6.6,32,56,183,1.14,0.12,1.26,0.85,0.27
Marc Guiu,5,17,3,1,74,1,0,1,0.8,0.3,1,1,8,1.22,0.0,1.22,0.92,0.32
Péter Gulácsi,3,33,13,13,1170,0,0,0,0.0,0.0,0,1,0,0.0,0.0,0.0,0.0,0.0
Manuel Gulde,0,32,27,23,2047,1,0,1,1.1,0.1,10,74,3,0.04,0.0,0.04,0.05,0.01
Arda Güler,5,18,10,4,377,6,0,6,1.4,0.1,16,17,25,1.43,0.0,1.43,0.34,0.03
Gerard Gumbau,4,28,35,31,2674,0,3,3,1.8,4.0,20,135,29,0.0,0.1,0.1,0.06,0.14
Robert Gumny,0,25,13,6,481,0,0,0,0.2,0.1,9,18,17,0.0,0.0,0.0,0.04,0.01
İlkay Gündoğan,4,32,36,33,2994,5,9,14,7.3,10.3,71,224,116,0.15,0.27,0.42,0.22,0.31
Christian Günter,0,30,15,13,1060,1,2,3,0.5,2.1,15,23,63,0.08,0.17,0.25,0.04,0.18
Jon Guridi,4,28,36,34,2678,3,4,7,4.0,3.5,30,117,92,0.1,0.13,0.24,0.13,0.12
Gorka Guruzeta,2,26,32,30,2217,14,5,19,11.6,2.4,18,55,102,0.57,0.2,0.77,0.47,0.1
Malo Gusto,0,20,27,19,1751,0,6,6,0.9,4.3,78,86,135,0.0,0.31,0.31,0.05,0.22
Miguel Gutiérrez,0,22,35,35,3032,2,7,9,2.8,7.5,74,146,184,0.06,0.21,0.27,0.08,0.22
Albert Guðmundsson,5,26,35,34,3016,14,4,18,9.9,5.2,82,120,168,0.42,0.12,0.54,0.3,0.16
Joško Gvardiol,0,21,28,26,2328,4,1,5,3.1,1.4,63,136,115,0.15,0.04,0.19,0.12,0.06
Norbert Gyömbér,0,31,22,20,1760,0,0,0,0.2,0.2,4,42,2,0.0,0.0,0.0,0.01,0.01
Erling Haaland,2,23,31,29,2552,27,5,32,29.2,4.3,35,26,126,0.95,0.18,1.13,1.03,0.15
Nicolas Haas,4,27,1,1,90,0,0,0,0.1,0.0,0,6,4,0.0,0.0,0.0,0.1,0.0
Janik Haberer,1,29,21,14,1221,1,1,2,0.9,0.6,10,47,36,0.07,0.07,0.15,0.07,0.04
Robin Hack,5,24,29,14,1348,10,2,12,3.9,2.3,50,46,103,0.67,0.13,0.8,0.26,0.16
Antwoine Hackford,2,19,2,0,13,0,0,0,0.0,0.0,0,0,0,0.0,0.0,0.0,0.0,0.0
Munir El Haddadi,2,27,38,32,2449,3,2,5,4.3,1.9,26,78,167,0.11,0.07,0.18,0.16,0.07
Jaouen Hadjam,0,20,8,0,112,0,0,0,0.0,0.4,6,10,17,0.0,0.0,0.0,0.03,0.29
Ianis Hagi,5,24,22,8,804,0,2,2,2.8,2.0,17,32,58,0.0,0.22,0.22,0.31,0.22
Amadou Haidara,4,25,21,19,1526,2,1,3,1.1,1.6,8,97,11,0.12,0.06,0.18,0.07,0.09
Massadio Haïdara,0,30,18,7,741,0,1,1,0.1,0.2,8,40,25,0.0,0.12,0.12,0.02,0.02
Oualid El Hajjam,1,32,13,4,393,0,0,0,0.4,0.9,7,16,27,0.0,0.0,0.0,0.09,0.2
Achraf Hakimi,0,24,25,20,1932,4,5,9,4.2,5.2,84,218,230,0.19,0.23,0.42,0.2,0.24
Lewis Hall,0,18,18,8,781,1,0,1,0.3,0.3,19,46,27,0.12,0.0,0.12,0.04,0.03
Sébastien Haller,2,29,14,5,396,0,1,1,0.9,0.7,11,11,34,0.0,0.23,0.23,0.22,0.17
Gustavo Hamer,4,26,36,34,2910,4,6,10,3.0,6.1,36,135,86,0.12,0.19,0.31,0.09,0.19
Andreas Hanche-Olsen,0,26,15,12,992,1,0,1,0.7,0.0,1,19,0,0.09,0.0,0.09,0.06,0.0
Isak Hansen-Aarøen,4,18,3,0,27,0,0,0,0.0,0.1,2,2,3,0.0,0.0,0.0,0.0,0.22
Ridgeciano Haps,0,30,16,7,773,0,1,1,0.1,0.7,13,13,42,0.0,0.12,0.12,0.01,0.08
Genki Haraguchi,4,32,2,0,27,0,0,0,0.0,0.0,1,3,0,0.0,0.0,0.0,0.0,0.0
Amine Harit,5,26,28,21,1821,1,2,3,3.7,3.7,84,127,112,0.05,0.1,0.15,0.18,0.18
Luke Harris,4,18,1,0,75,0,0,0,0.3,0.0,0,1,0,0.0,0.0,0.0,0.33,0.0
Jack Harrison,5,26,29,25,2214,3,3,6,3.6,3.4,65,62,135,0.12,0.12,0.24,0.14,0.14
Abdou Harroui,5,25,18,13,1019,3,3,6,3.1,1.2,43,38,56,0.26,0.26,0.53,0.27,0.1
Makoto Hasebe,1,39,8,2,218,0,0,0,0.0,0.0,0,10,3,0.0,0.0,0.0,0.0,0.0
Daiki Hashioka,0,24,10,6,595,0,0,0,0.1,0.7,3,21,16,0.0,0.0,0.0,0.02,0.1
Hans Hateboer,0,29,23,10,1113,0,1,1,0.3,2.0,19,42,71,0.0,0.08,0.08,0.03,0.16
Pantelis Hatzidiakos,0,26,13,13,856,0,0,0,0.4,0.0,3,34,7,0.0,0.0,0.0,0.04,0.0
Kai Havertz,5,24,37,30,2634,13,7,20,12.3,4.4,55,99,191,0.44,0.24,0.68,0.42,0.15
Thorgan Hazard,0,30,1,0,7,0,0,0,0.0,0.0,0,2,1,0.0,0.0,0.0,0.0,0.0
Jan Paul van Hecke,0,23,28,26,2369,0,0,0,1.2,0.9,25,147,7,0.0,0.0,0.0,0.05,0.03
Hwang Hee-chan,5,27,29,25,2119,12,3,15,7.7,3.0,37,37,120,0.51,0.13,0.64,0.33,0.13
Silvan Hefti,1,25,6,1,114,0,0,0,0.0,0.0,1,2,4,0.0,0.0,0.0,0.0,0.0
Dominique Heintz,0,29,12,6,568,0,0,0,0.0,0.5,10,30,16,0.0,0.0,0.0,0.0,0.08
Dean Henderson,3,26,18,18,1620,0,0,0,0.0,0.0,0,0,0,0.0,0.0,0.0,0.0,0.0
Liam Henderson,4,27,1,0,5,0,0,0,0.0,0.0,0,0,0,0.0,0.0,0.0,0.0,0.0
Benjamin Henrichs,0,26,33,28,2526,1,5,6,2.5,4.4,53,124,161,0.04,0.18,0.21,0.09,0.16
Henrique,0,29,11,6,607,1,0,1,0.3,0.4,20,36,33,0.15,0.0,0.15,0.05,0.06
Luiz Henrique,2,22,14,6,616,0,3,3,1.2,1.6,35,17,58,0.0,0.44,0.44,0.18,0.24
Matheus Henrique,4,25,31,27,2501,2,2,4,2.3,1.6,43,94,44,0.07,0.07,0.14,0.08,0.06
Rico Henry,0,26,5,5,401,0,1,1,0.1,1.0,13,20,12,0.0,0.22,0.22,0.02,0.22
Thomas Henry,2,28,18,2,334,3,0,3,3.3,0.0,2,3,20,0.81,0.0,0.81,0.88,0.01
Christophe Hérelle,0,30,19,18,1617,0,0,0,0.1,0.0,1,41,1,0.0,0.0,0.0,0.01,0.0
Mario Hermoso,0,28,31,29,2557,0,1,1,1.4,0.8,39,177,61,0.0,0.04,0.04,0.05,0.03
Javi Hernández,0,25,30,28,2514,1,2,3,1.4,2.1,40,94,57,0.04,0.07,0.11,0.05,0.07
Aridane Hernández,0,34,19,19,1690,0,0,0,0.3,0.0,0,21,0,0.0,0.0,0.0,0.02,0.0
Lucas Hernández,0,27,27,23,1909,1,1,2,0.5,1.6,30,156,22,0.05,0.05,0.09,0.02,0.07
Luis Hernández,0,34,9,8,723,1,0,1,1.0,0.4,2,31,1,0.12,0.0,0.12,0.12,0.04
Theo Hernández,0,25,32,31,2791,5,4,9,4.9,4.3,115,166,124,0.16,0.13,0.29,0.16,0.14
Yarek Hernandis,0,18,14,7,735,0,0,0,0.0,0.0,4,15,10,0.0,0.0,0.0,0.0,0.0
Jorge Herrando,0,22,19,18,1644,0,1,1,0.4,0.2,3,35,1,0.0,0.05,0.05,0.02,0.01
Ander Herrera,4,33,23,10,1030,0,3,3,0.7,1.2,11,94,17,0.0,0.26,0.26,0.06,0.1
Cristian Herrera,5,32,8,1,166,1,0,1,0.9,0.0,2,8,16,0.54,0.0,0.54,0.48,0.02
Sergio Herrera,3,30,32,32,2869,0,0,0,0.0,0.0,0,1,0,0.0,0.0,0.0,0.0,0.0
Yangel Herrera,4,25,29,27,2107,5,0,5,4.9,2.4,31,92,76,0.21,0.0,0.21,0.21,0.1
Juan Herzog,0,20,4,3,292,2,0,2,0.7,0.0,0,3,0,0.62,0.0,0.62,0.21,0.0
Son Heung-min,2,31,35,34,2934,17,10,27,12.0,11.8,119,139,325,0.52,0.31,0.83,0.37,0.36
Aaron Hickey,0,21,9,9,713,0,0,0,0.2,0.1,9,21,13,0.0,0.0,0.0,0.03,0.01
Isak Hien,0,24,10,9,864,0,0,0,0.4,0.0,8,26,1,0.0,0.0,0.0,0.04,0.0
Isak Hien,0,24,16,9,937,0,1,1,0.2,0.1,0,24,0,0.0,0.1,0.1,0.02,0.01
James Hill,0,21,5,1,76,0,0,0,0.0,0.0,0,5,1,0.0,0.0,0.0,0.0,0.0
Piero Hincapié,0,21,26,16,1484,1,2,3,1.9,0.5,34,102,50,0.06,0.12,0.18,0.12,0.03
Jack Hinshelwood,0,18,12,8,869,3,0,3,1.9,0.7,16,19,38,0.31,0.0,0.31,0.19,0.07
Adam Hložek,5,21,23,5,459,2,3,5,3.1,0.9,14,13,33,0.39,0.59,0.98,0.6,0.18
Nicolas Höfler,4,33,28,26,2330,1,1,2,0.7,0.4,14,94,15,0.04,0.04,0.08,0.03,0.02
Jonas Hofmann,4,31,32,26,2204,5,7,12,5.9,8.1,63,119,221,0.2,0.29,0.49,0.24,0.33
Philipp Hofmann,2,30,29,18,1571,4,2,6,4.8,1.7,7,36,86,0.23,0.11,0.34,0.27,0.1
Lucas Höler,5,29,33,26,2305,7,2,9,8.6,2.1,24,49,153,0.27,0.08,0.35,0.34,0.08
Mason Holgate,0,26,10,9,710,0,0,0,0.6,0.4,0,13,0,0.0,0.0,0.0,0.08,0.05
Fabian Holland,1,33,23,23,1835,0,2,2,0.6,1.5,11,87,47,0.0,0.1,0.1,0.03,0.07
Benedict Hollerbach,5,22,28,15,1282,5,0,5,3.4,1.3,49,39,126,0.35,0.0,0.35,0.24,0.09
Emil Holm,0,23,22,12,947,1,1,2,2.7,0.8,28,27,80,0.1,0.1,0.19,0.26,0.08
Gerrit Holtmann,5,28,10,2,392,0,0,0,0.6,0.3,13,18,20,0.0,0.0,0.0,0.14,0.07
Martin Hongla,4,25,15,12,1084,0,0,0,0.1,0.3,6,57,6,0.0,0.0,0.0,0.01,0.02
Martin Hongla,1,25,13,6,562,0,0,0,0.2,0.0,3,16,5,0.0,0.0,0.0,0.03,0.0
Mathias Honsak,5,26,23,10,1021,1,1,2,1.8,0.7,22,19,62,0.09,0.09,0.18,0.16,0.06
Sydney van Hooijdonk,2,23,9,2,212,0,0,0,0.6,0.1,1,2,9,0.0,0.0,0.0,0.26,0.05
Fraser Hornby,5,23,7,1,217,0,0,0,0.7,0.3,7,2,7,0.0,0.0,0.0,0.27,0.14
Lukáš Hrádecký,3,33,33,33,2970,0,0,0,0.0,0.0,0,1,0,0.0,0.0,0.0,0.0,0.0
Xabier Huarte Armendáriz,4,22,1,0,9,0,0,0,0.0,0.0,0,1,0,0.0,0.0,0.0,0.0,0.0
Timo Hübers,0,27,31,31,2778,0,0,0,1.8,0.5,19,104,3,0.0,0.0,0.0,0.06,0.02
Callum Hudson-Odoi,5,22,29,20,1854,8,1,9,2.7,2.8,111,58,171,0.39,0.05,0.44,0.13,0.14
Will Hughes,4,28,30,23,1891,0,1,1,0.3,1.1,14,76,17,0.0,0.05,0.05,0.02,0.05
Dean Huijsen,0,18,13,4,509,2,0,2,0.4,0.1,4,18,15,0.35,0.0,0.35,0.07,0.01
Dean Huijsen,0,18,1,0,13,0,0,0,0.0,0.0,0,2,0,0.0,0.0,0.0,0.0,0.0
Mats Hummels,0,34,25,20,1581,3,0,3,3.2,0.9,11,82,1,0.17,0.0,0.17,0.18,0.05
Denis Huseinbasic,4,22,26,18,1627,0,3,3,0.3,0.7,35,93,29,0.0,0.17,0.17,0.02,0.04
Elseid Hysaj,0,29,22,11,1199,0,0,0,0.2,0.4,27,51,41,0.0,0.0,0.0,0.02,0.03
Pierre Højbjerg,4,27,36,8,1311,0,0,0,0.7,1.2,17,134,29,0.0,0.0,0.0,0.05,0.08
Rasmus Højlund,2,20,30,25,2158,10,2,12,7.6,1.6,36,33,111,0.42,0.08,0.5,0.32,0.07
Iago,0,26,23,18,1622,1,1,2,1.4,1.6,24,54,51,0.06,0.06,0.11,0.08,0.09
Pablo Ibáñez,4,24,33,12,1152,1,2,3,2.3,1.2,26,67,54,0.08,0.16,0.23,0.18,0.09
Borja Iglesias,2,30,11,4,408,0,1,1,0.6,0.9,5,12,32,0.0,0.22,0.22,0.13,0.21
Borja Iglesias,2,30,7,2,256,0,0,0,1.4,0.3,3,5,19,0.0,0.0,0.0,0.48,0.1
Igor,0,25,24,17,1637,0,0,0,0.3,0.7,30,107,12,0.0,0.0,0.0,0.02,0.04
Jonathan Ikone,2,25,28,18,1682,3,1,4,4.6,2.0,51,58,154,0.16,0.05,0.21,0.25,0.1
Chukwubuikem Ikwuemesi,2,21,25,11,1061,1,1,2,2.4,0.7,11,10,70,0.08,0.08,0.17,0.21,0.06
Andrej Ilic,2,23,2,0,9,0,0,0,0.0,0.0,0,0,0,0.0,0.0,0.0,0.0,0.0
Ivan Ilić,4,22,31,25,2098,3,2,5,2.1,5.0,49,138,52,0.13,0.09,0.21,0.09,0.21
Samuel Iling-Junior,1,19,24,4,810,1,2,3,0.7,1.3,29,25,64,0.11,0.22,0.33,0.08,0.14
Imanol,0,23,9,5,525,0,0,0,0.0,0.2,13,21,15,0.0,0.0,0.0,0.0,0.03
Joel Imasuen,2,18,1,0,2,0,0,0,0.0,0.0,0,0,0,0.0,0.0,0.0,0.0,0.0
Ciro Immobile,2,33,31,21,1652,7,1,8,9.7,2.1,19,39,123,0.38,0.05,0.44,0.53,0.11
Gino Infantino,4,20,6,0,96,0,0,0,0.0,0.0,0,7,4,0.0,0.0,0.0,0.02,0.03
Danny Ings,2,31,20,3,404,1,0,1,1.3,0.3,7,8,29,0.22,0.0,0.22,0.28,0.06
Bonke Innocent,4,27,4,3,210,0,0,0,0.0,0.1,0,13,2,0.0,0.0,0.0,0.01,0.03
Tim Iroegbunam,4,20,9,1,164,0,0,0,0.0,0.0,3,1,0,0.0,0.0,0.0,0.0,0.0
Alexander Isak,2,23,30,27,2255,21,2,23,20.3,3.7,68,71,129,0.84,0.08,0.92,0.81,0.15
Gustav Isaksen,2,22,28,12,1074,3,1,4,1.6,2.6,36,21,95,0.25,0.08,0.34,0.13,0.22
Isco,4,31,29,28,2326,8,5,13,8.3,6.4,100,216,145,0.31,0.19,0.5,0.32,0.25
Thomas Isherwood,0,25,12,8,636,0,0,0,0.0,0.0,6,11,1,0.0,0.0,0.0,0.0,0.01
Ismaily,0,33,30,28,2465,1,1,2,0.3,1.2,74,114,110,0.04,0.04,0.07,0.01,0.04
Ardian Ismajli,0,26,26,23,2045,0,0,0,0.3,0.1,9,49,3,0.0,0.0,0.0,0.01,0.0
Yanis Issoufou,4,16,1,0,13,0,0,0,0.0,0.0,0,1,1,0.0,0.0,0.0,0.0,0.0
Ko Itakura,1,26,20,18,1596,3,0,3,1.3,0.2,14,36,7,0.17,0.0,0.17,0.08,0.01
Hiroki Ito,0,24,26,25,2228,0,2,2,0.9,2.0,29,121,32,0.0,0.08,0.08,0.04,0.08
Junya Ito,5,30,31,31,2714,3,7,10,4.5,11.5,123,139,287,0.1,0.23,0.33,0.15,0.38
Diego Iturralde,0,20,1,0,37,0,0,0,0.0,0.0,1,1,0,0.0,0.0,0.0,0.0,0.0
Alex Iwobi,4,27,2,2,140,0,0,0,0.3,0.2,6,4,8,0.0,0.0,0.0,0.21,0.14
Alex Iwobi,5,27,30,25,2192,5,2,7,5.3,4.7,109,147,175,0.21,0.08,0.29,0.22,0.19
Armando Izzo,0,31,23,20,1650,0,0,0,0.7,0.5,15,59,7,0.0,0.0,0.0,0.04,0.03
Nicolas Jackson,2,22,35,31,2799,14,5,19,18.6,4.3,70,67,200,0.45,0.16,0.61,0.6,0.14
Jérémy Jacquet,4,18,1,0,5,0,0,0,0.0,0.0,1,0,0,0.0,0.0,0.0,0.0,0.0
Jérémy Jacquet,0,18,6,2,253,0,1,1,0.2,0.3,5,15,4,0.0,0.36,0.36,0.08,0.12
Lee Jae-sung,5,30,29,24,2113,6,3,9,4.9,3.4,25,82,121,0.26,0.13,0.38,0.21,0.14
Paul Jaeckel,0,25,6,2,234,0,0,0,0.0,0.1,1,14,1,0.0,0.0,0.0,0.0,0.02
Filip Jagiełło,4,25,2,0,33,0,0,0,0.0,0.0,1,2,2,0.0,0.0,0.0,0.0,0.0
Kristijan Jakić,4,26,14,13,1051,2,1,3,0.8,0.3,11,56,10,0.17,0.09,0.26,0.07,0.02
Kristijan Jakić,5,26,4,1,200,0,0,0,0.0,0.2,3,11,9,0.0,0.0,0.0,0.02,0.08
Ismail Jakobs,0,23,22,16,1466,1,2,3,1.3,1.8,44,56,133,0.06,0.12,0.18,0.08,0.11
Ablie Jallow,5,24,17,10,918,3,2,5,2.0,1.0,29,42,53,0.29,0.2,0.49,0.19,0.1
Reece James,0,23,10,5,419,0,2,2,0.3,1.7,19,21,35,0.0,0.43,0.43,0.07,0.37
Vitaly Janelt,1,25,38,37,3054,1,3,4,1.8,4.8,25,123,81,0.03,0.09,0.12,0.05,0.14
Jakub Jankto,5,27,18,13,872,1,2,3,1.5,0.5,12,26,48,0.1,0.21,0.31,0.16,0.05
Tony Jantschke,1,33,4,0,27,0,0,0,0.0,0.0,0,2,0,0.0,0.0,0.0,0.0,0.0
Adnan Januzaj,5,28,8,0,193,0,0,0,0.6,0.0,1,9,17,0.0,0.0,0.0,0.28,0.02
Nuha Jatta,2,17,1,0,1,0,0,0,0.0,0.0,0,0,0,0.0,0.0,0.0,0.0,0.0
Mikel Jauregizar,4,19,7,1,151,0,0,0,0.0,0.1,2,5,3,0.0,0.0,0.0,0.02,0.08
Luis Javier Suárez,2,25,15,10,917,6,0,6,6.5,0.6,30,15,53,0.59,0.0,0.59,0.64,0.06
Danley Jean-Jacques,4,23,33,30,2682,0,0,0,2.9,0.6,35,84,53,0.0,0.0,0.0,0.1,0.02
Salim El Jebari,4,19,1,0,13,0,0,0,0.0,0.0,1,0,1,0.0,0.0,0.0,0.0,0.0
Daniel Jebbison,2,19,1,0,21,0,0,0,0.0,0.0,0,0,1,0.0,0.0,0.0,0.0,0.0
Jeffinho,5,23,10,3,308,1,1,2,1.0,0.6,15,14,36,0.29,0.29,0.58,0.3,0.18
Fredrik Jensen,5,25,22,18,1338,2,4,6,0.9,4.3,22,46,90,0.13,0.27,0.4,0.06,0.29
Mathias Jensen,4,27,32,27,2204,3,3,6,0.7,4.0,19,123,66,0.12,0.12,0.25,0.03,0.16
Moritz Jenz,0,24,22,21,1742,0,1,1,0.3,0.3,2,47,4,0.0,0.05,0.05,0.02,0.01
Gabriel Jesus,2,26,27,17,1478,4,5,9,6.3,3.8,38,42,155,0.24,0.3,0.55,0.39,0.23
Juan Jesus,0,32,24,23,2116,1,0,1,1.3,0.3,6,82,2,0.04,0.0,0.04,0.06,0.01
Alejandro Jiménez,0,18,3,0,68,0,0,0,0.0,0.1,2,2,3,0.0,0.0,0.0,0.0,0.07
Raúl Jiménez,2,32,24,18,1395,7,0,7,5.2,1.5,11,24,87,0.45,0.0,0.45,0.33,0.1
João Pedro,5,21,31,19,2045,9,3,12,11.9,3.8,83,92,205,0.4,0.13,0.53,0.53,0.17
Joelinton,5,26,20,15,1279,2,1,3,3.1,2.8,29,56,60,0.14,0.07,0.21,0.22,0.2
Ryan John Giles,1,23,11,5,503,0,0,0,0.1,0.2,9,17,30,0.0,0.0,0.0,0.02,0.04
Brennan Johnson,2,22,32,23,2085,5,10,15,10.3,8.1,97,72,293,0.22,0.43,0.65,0.44,0.35
Brennan Johnson,5,22,3,3,237,0,0,0,0.3,0.2,8,1,14,0.0,0.0,0.0,0.12,0.08
Joseph Johnson,0,17,2,0,77,0,0,0,0.0,0.0,0,2,1,0.0,0.0,0.0,0.0,0.0
Sam Johnstone,3,30,20,20,1796,0,0,0,0.0,0.0,0,0,0,0.0,0.0,0.0,0.0,0.0
Curtis Jones,4,22,23,14,1167,1,1,2,2.6,0.7,31,74,88,0.08,0.08,0.15,0.2,0.05
Frenkie de Jong,4,26,20,20,1634,2,0,2,0.7,2.2,69,168,38,0.11,0.0,0.11,0.04,0.12
Joan Jordán,4,29,8,4,380,0,0,0,0.2,0.0,0,32,1,0.0,0.0,0.0,0.04,0.01
Jordi,1,22,13,5,573,0,0,0,1.3,0.6,6,14,28,0.0,0.0,0.0,0.2,0.09
Jeremy Jorge,2,20,1,0,2,0,0,0,0.0,0.0,0,0,0,0.0,0.0,0.0,0.0,0.0
Kaio Jorge,2,21,20,8,812,3,0,3,5.4,0.3,6,11,46,0.33,0.0,0.33,0.6,0.03
Jorginho,4,31,24,10,921,0,2,2,0.1,1.4,8,101,8,0.0,0.2,0.2,0.01,0.13
Willian José,2,31,33,25,1971,10,5,15,5.7,2.5,8,32,90,0.46,0.23,0.68,0.26,0.12
Joselu,2,33,34,15,1687,10,2,12,11.6,1.7,15,20,98,0.53,0.11,0.64,0.62,0.09
Diogo Jota,2,26,21,14,1145,10,3,13,5.3,3.3,54,34,111,0.79,0.24,1.02,0.42,0.26
Antoine Joujou,5,20,23,6,779,0,2,2,1.1,0.6,35,22,82,0.0,0.23,0.23,0.13,0.07
Luka Jović,2,25,23,8,877,6,1,7,4.9,0.8,6,22,47,0.62,0.1,0.72,0.5,0.09
Kamil Jóźwiak,4,25,11,7,571,0,1,1,0.1,1.2,15,21,31,0.0,0.16,0.16,0.02,0.19
Juanmi,2,30,16,9,873,3,1,4,2.5,1.6,7,12,40,0.31,0.1,0.41,0.26,0.17
Juanpe,0,32,17,6,746,0,0,0,0.2,0.0,3,14,0,0.0,0.0,0.0,0.02,0.0
Mads Juel Andersen,0,25,8,4,400,1,0,1,0.3,0.0,0,7,1,0.23,0.0,0.23,0.06,0.0
Christopher Jullien,0,30,20,13,1233,1,0,1,1.1,0.1,1,26,4,0.07,0.0,0.07,0.08,0.0
Anthony Jung,0,31,31,30,2579,1,0,1,0.6,0.3,24,107,21,0.03,0.0,0.03,0.02,0.01
Eli Junior Kroupi,5,17,30,11,1084,5,3,8,3.5,1.8,10,12,63,0.42,0.25,0.66,0.29,0.15
Hamed Junior Traorè,4,23,3,0,47,0,0,0,0.2,0.0,2,3,4,0.0,0.0,0.0,0.34,0.07
Hamed Junior Traorè,4,23,9,5,382,0,0,0,0.9,0.7,12,21,19,0.0,0.0,0.0,0.2,0.17
Vinicius Júnior,2,23,26,22,1864,15,5,20,13.1,4.2,137,57,277,0.72,0.24,0.97,0.63,0.21
Josip Juranović,0,27,21,14,1294,0,2,2,1.4,2.3,22,52,46,0.0,0.14,0.14,0.1,0.16
David Jurásek,0,22,13,4,496,0,1,1,0.2,1.0,12,12,38,0.0,0.18,0.18,0.03,0.18
Julian Justvan,5,25,4,0,49,0,0,0,0.0,0.0,8,5,12,0.0,0.0,0.0,0.07,0.0
Julian Justvan,5,25,14,11,1023,2,2,4,0.9,2.5,20,56,50,0.18,0.18,0.35,0.08,0.22
Filip Jørgensen,3,21,36,36,3240,0,0,0,0.0,0.0,0,0,0,0.0,0.0,0.0,0.0,0.0
Mathias Jørgensen,0,33,14,12,1087,1,0,1,0.7,0.9,5,50,4,0.08,0.0,0.08,0.06,0.08
Mohamed Kaba,4,21,23,15,1378,0,0,0,1.2,0.9,14,60,32,0.0,0.0,0.0,0.08,0.06
Sory Kaba,2,28,17,9,720,1,1,2,1.5,0.3,7,12,36,0.12,0.12,0.25,0.18,0.04
Ozan Kabak,0,23,28,28,2282,4,0,4,2.2,1.1,21,110,11,0.16,0.0,0.16,0.09,0.04
Christian Kabasele,0,32,13,10,861,1,1,2,1.2,0.5,7,22,1,0.1,0.1,0.21,0.12,0.05
Issa Kaboré,0,22,24,21,1729,0,2,2,0.2,2.1,60,54,85,0.0,0.1,0.1,0.01,0.11
Abdoul Kader Bamba,5,29,23,1,611,2,1,3,2.1,1.0,41,31,73,0.29,0.15,0.44,0.31,0.15
Yaya Kader Fofana,1,19,4,0,32,0,0,0,0.1,0.0,1,3,1,0.0,0.0,0.0,0.23,0.0
Tino Kadewere,5,27,11,2,296,0,0,0,0.7,0.3,4,12,28,0.0,0.0,0.0,0.2,0.09
Tino Kadewere,5,27,14,8,781,1,0,1,1.9,1.8,15,26,53,0.12,0.0,0.12,0.22,0.21
Kaiky,0,19,8,5,523,1,0,1,0.2,0.0,4,24,1,0.17,0.0,0.17,0.04,0.0
Florian Kainz,5,30,33,29,2197,5,4,9,5.0,3.3,40,124,100,0.2,0.16,0.37,0.2,0.13
Sasa Kalajdzic,2,26,11,1,166,2,0,2,1.1,1.0,1,5,9,1.08,0.0,1.08,0.57,0.52
Sasa Kalajdzic,2,26,5,5,325,0,1,1,0.2,0.5,1,8,9,0.0,0.28,0.28,0.05,0.14
Arnaud Kalimuendo,2,21,30,25,2139,10,1,11,9.0,2.7,27,37,181,0.42,0.04,0.46,0.38,0.11
Yayah Kallon,2,22,1,0,4,0,0,0,0.0,0.0,0,1,0,0.0,0.0,0.0,0.0,0.0
Gedeon Kalulu,0,25,19,11,970,0,1,1,0.3,1.1,17,35,60,0.0,0.09,0.09,0.03,0.1
Pierre Kalulu,0,23,9,4,374,0,0,0,0.1,0.1,6,19,11,0.0,0.0,0.0,0.01,0.02
Daichi Kamada,4,26,29,17,1544,2,2,4,1.8,2.8,40,96,78,0.12,0.12,0.23,0.11,0.16
Boubacar Kamara,4,23,20,20,1652,0,1,1,0.1,1.3,19,83,10,0.0,0.05,0.05,0.01,0.07
Hassane Kamara,0,29,35,27,2225,1,1,2,1.9,2.8,61,81,93,0.04,0.04,0.08,0.08,0.11
Willy Kambwala,0,18,8,3,330,0,0,0,0.0,0.0,2,8,1,0.0,0.0,0.0,0.0,0.0
Jakub Kamiński,5,21,17,4,473,0,2,2,0.5,0.7,13,18,53,0.0,0.38,0.38,0.09,0.13
Thomas Kaminski,3,30,38,38,3405,0,0,0,0.0,0.0,0,1,0,0.0,0.0,0.0,0.0,0.0
Kevin Kampl,4,32,26,14,1363,1,0,1,0.2,1.8,28,88,27,0.07,0.0,0.07,0.01,0.12
Harry Kane,2,30,32,32,2839,36,8,44,30.6,6.4,36,102,164,1.14,0.25,1.39,0.97,0.2
Lee Kang-in,5,22,23,18,1464,3,4,7,1.5,2.3,50,103,150,0.18,0.25,0.43,0.09,0.14
Yann Karamoh,5,25,10,1,162,0,0,0,0.1,0.1,11,5,12,0.0,0.0,0.0,0.08,0.03
Yann Karamoh,5,25,12,1,284,1,0,1,0.8,0.2,7,3,28,0.32,0.0,0.32,0.26,0.06
Atakan Karazor,4,26,33,31,2623,0,4,4,1.0,2.6,24,142,31,0.0,0.14,0.14,0.04,0.09
Ayman Kari,4,18,14,12,893,1,1,2,0.6,0.8,22,37,53,0.1,0.1,0.2,0.06,0.08
Emir Karic,0,26,27,18,1783,0,0,0,0.4,1.3,56,115,85,0.0,0.0,0.0,0.02,0.06
Loris Karius,3,30,1,1,90,0,0,0,0.0,0.0,0,0,0,0.0,0.0,0.0,0.0,0.0
Jesper Karlsson,2,25,7,4,344,0,0,0,0.4,0.3,13,16,35,0.0,0.0,0.0,0.11,0.08
Jon Karrikaburu,5,20,2,0,16,0,0,0,0.0,0.0,0,0,1,0.0,0.0,0.0,0.0,0.0
Rick Karsdorp,0,28,18,14,1191,0,2,2,0.4,2.2,12,33,71,0.0,0.15,0.15,0.03,0.17
Grigoris Kastanos,1,25,26,18,1480,3,3,6,2.9,2.8,28,78,69,0.18,0.18,0.36,0.17,0.17
Silas Katompa,5,24,27,8,900,5,2,7,5.7,2.3,49,25,130,0.5,0.2,0.7,0.57,0.23
Panos Katseris,0,22,15,13,1041,1,1,2,2.1,0.8,24,21,86,0.09,0.09,0.17,0.18,0.07
Mikkel Kaufmann,2,22,18,4,486,1,0,1,1.3,1.0,6,11,34,0.19,0.0,0.19,0.24,0.18
Michael Kayode,0,19,26,22,2058,1,1,2,0.5,1.1,45,80,102,0.04,0.04,0.09,0.02,0.05
Moise Kean,2,23,19,8,654,0,0,0,2.1,0.7,12,6,38,0.0,0.0,0.0,0.28,0.1
Michael Keane,0,30,9,4,439,1,0,1,0.7,0.0,4,14,3,0.21,0.0,0.21,0.14,0.0
Ibrahima Kebe,4,22,2,0,9,0,0,0,0.0,0.0,0,0,1,0.0,0.0,0.0,0.0,0.0
Kévin Keben Biakolo,0,19,8,7,521,0,0,0,0.0,0.1,5,13,10,0.0,0.0,0.0,0.0,0.01
Yassine Kechta,4,21,32,21,1849,2,1,3,1.6,2.2,41,122,67,0.1,0.05,0.15,0.08,0.11
Thilo Kehrer,1,26,4,0,22,0,0,0,0.0,0.0,0,1,1,0.0,0.0,0.0,0.0,0.0
Thilo Kehrer,0,26,15,15,1323,1,1,2,0.7,1.1,13,90,16,0.07,0.07,0.14,0.05,0.07
Habib Keita,4,21,27,12,1278,1,0,1,0.7,0.6,9,53,23,0.07,0.0,0.07,0.05,0.05
Naby Keïta,1,28,5,1,109,0,0,0,0.1,0.0,1,13,4,0.0,0.0,0.0,0.09,0.0
Yannik Keitel,1,23,15,11,920,1,0,1,0.7,0.4,4,48,7,0.1,0.0,0.1,0.07,0.04
Caoimhín Kelleher,3,24,10,10,900,0,0,0,0.0,0.0,0,1,0,0.0,0.0,0.0,0.0,0.0
Thomas Keller,5,23,2,0,2,0,0,0,0.0,0.0,0,2,0,0.0,0.0,0.0,0.0,0.0
Lloyd Kelly,0,24,23,17,1559,0,1,1,0.3,1.2,15,56,28,0.0,0.06,0.06,0.02,0.07
Omari Kellyman,2,17,2,0,37,0,0,0,0.1,0.0,1,0,0,0.0,0.0,0.0,0.17,0.0
Aljoscha Kemlein,4,18,2,0,29,0,0,0,0.0,0.0,0,0,1,0.0,0.0,0.0,0.14,0.0
Tobias Kempe,4,34,24,15,1350,3,2,5,3.6,2.1,15,44,46,0.2,0.13,0.33,0.24,0.14
Milos Kerkez,0,19,28,22,1970,0,1,1,1.2,0.8,46,44,93,0.0,0.05,0.05,0.06,0.04
Kaine Kesler-Hayden,1,20,3,0,6,0,0,0,0.0,0.0,0,0,0,0.0,0.0,0.0,0.0,0.0
Reda Khadra,5,22,29,14,1368,1,3,4,1.8,3.5,35,40,110,0.07,0.2,0.26,0.12,0.23
Wahbi Khazri,2,32,25,13,1131,1,0,1,3.3,1.2,27,33,76,0.08,0.0,0.08,0.26,0.1
Rani Khedira,4,29,20,18,1343,0,0,0,0.4,0.1,6,35,15,0.0,0.0,0.0,0.03,0.01
Abdukodir Khusanov,0,19,11,9,809,0,0,0,0.2,0.1,5,23,1,0.0,0.0,0.0,0.02,0.01
Kiké,5,33,33,15,1423,3,2,5,7.7,2.0,18,32,97,0.19,0.13,0.32,0.49,0.13
Luca Kilian,0,23,13,6,635,0,0,0,0.0,0.0,7,12,1,0.0,0.0,0.0,0.0,0.01
Max Kilman,0,26,38,38,3420,2,0,2,1.8,1.4,22,117,5,0.05,0.0,0.05,0.05,0.04
Joshua Kimmich,1,28,28,27,2176,1,6,7,1.1,7.1,56,229,114,0.04,0.25,0.29,0.05,0.3
Jakub Kiwior,0,23,20,11,946,1,3,4,0.8,0.9,4,55,16,0.1,0.29,0.38,0.08,0.09
Simon Kjær,0,34,20,14,1171,0,1,1,0.5,0.8,4,52,0,0.0,0.08,0.08,0.04,0.06
Davy Klaassen,4,30,13,1,206,0,0,0,0.1,0.2,1,7,5,0.0,0.0,0.0,0.04,0.09
Christoph Klarer,0,23,30,28,2354,2,2,4,1.2,0.9,9,64,11,0.08,0.08,0.15,0.05,0.04
Tim Kleindienst,2,27,33,33,2869,12,3,15,13.9,3.3,40,73,178,0.38,0.09,0.47,0.44,0.1
Lukas Klostermann,0,27,25,16,1436,1,0,1,0.7,0.4,14,90,13,0.06,0.0,0.06,0.05,0.02
Justin Kluivert,5,24,32,26,1916,7,1,8,6.2,1.9,65,50,114,0.33,0.05,0.38,0.29,0.09
Ansgar Knauff,1,21,31,24,2109,7,2,9,5.7,2.3,77,57,164,0.3,0.09,0.38,0.24,0.1
Robin Knoche,0,31,24,20,1917,1,0,1,1.2,0.3,2,71,2,0.05,0.0,0.05,0.06,0.01
Gregor Kobel,3,25,27,27,2365,0,0,0,0.0,0.0,0,0,0,0.0,0.0,0.0,0.0,0.0
Robin Koch,0,27,31,31,2738,2,0,2,3.1,0.2,14,116,3,0.07,0.0,0.07,0.1,0.01
Philipp Köhn,3,25,22,22,1980,0,0,0,0.0,0.0,0,0,0,0.0,0.0,0.0,0.0,0.0
Dominik Kohr,1,29,31,27,2184,1,0,1,1.6,1.2,19,99,26,0.04,0.0,0.04,0.07,0.05
Koke,4,31,35,32,2493,0,4,4,0.4,3.6,26,212,26,0.0,0.14,0.14,0.02,0.13
Sead Kolašinac,0,30,30,25,2178,1,0,1,1.3,1.1,32,94,30,0.04,0.0,0.04,0.06,0.04
Luca Koleosho,5,18,15,13,974,1,1,2,2.0,1.3,53,19,82,0.09,0.09,0.18,0.18,0.12
Randal Kolo Muani,5,24,26,13,1268,6,5,11,6.1,3.3,36,42,125,0.43,0.35,0.78,0.43,0.23
Randal Kolo Muani,2,24,2,2,153,1,0,1,1.3,0.0,6,3,9,0.59,0.0,0.59,0.77,0.0
Mert Kömür,1,18,4,1,118,1,0,1,0.2,0.0,7,4,9,0.76,0.0,0.76,0.15,0.02
Cheick Konaté,0,19,19,12,1068,1,1,2,0.5,1.6,22,37,86,0.08,0.08,0.17,0.04,0.13
Ibrahima Konaté,0,24,22,17,1574,0,0,0,0.7,0.4,24,118,3,0.0,0.0,0.0,0.04,0.02
Geoffrey Kondogbia,4,30,26,15,1463,0,0,0,0.4,0.5,7,93,25,0.0,0.0,0.0,0.02,0.03
Abdoul Koné,0,18,3,3,193,0,0,0,0.0,0.7,3,5,1,0.0,0.0,0.0,0.0,0.3
Amadou Koné,4,18,16,4,475,0,0,0,0.3,0.2,2,28,2,0.0,0.0,0.0,0.05,0.03
Ibrahima Koné,2,24,9,2,277,0,0,0,0.4,0.1,5,3,18,0.0,0.0,0.0,0.14,0.03
Ibrahima Koné,2,24,1,0,32,0,0,0,0.0,0.0,0,0,1,0.0,0.0,0.0,0.0,0.0
Manu Koné,4,22,22,18,1561,1,0,1,1.2,1.2,42,70,56,0.06,0.0,0.06,0.07,0.07
Ezri Konsa,0,25,35,35,3069,1,0,1,2.5,0.5,37,136,33,0.03,0.0,0.03,0.07,0.02
Teun Koopmeiners,4,25,34,29,2627,12,5,17,6.5,5.9,79,169,190,0.41,0.17,0.58,0.22,0.2
Odilon Kossonou,0,22,22,21,1811,1,0,1,0.6,0.7,48,141,23,0.05,0.0,0.05,0.03,0.03
Filip Kostić,0,30,29,26,1815,0,4,4,0.7,5.4,64,88,95,0.0,0.2,0.2,0.03,0.27
Christian Kouamé,2,25,23,11,1089,2,1,3,1.9,1.8,12,41,110,0.17,0.08,0.25,0.16,0.15
Rominigue Kouamé,4,26,16,9,821,0,0,0,0.3,0.1,16,34,5,0.0,0.0,0.0,0.03,0.01
Koffi Kouao,0,25,13,10,860,0,2,2,0.2,1.5,10,29,29,0.0,0.21,0.21,0.02,0.16
Tomáš Koubek,3,30,3,3,270,0,0,0,0.0,0.0,0,0,0,0.0,0.0,0.0,0.0,0.0
Therence Koudou,0,18,9,3,314,0,0,0,0.1,0.3,8,14,21,0.0,0.0,0.0,0.02,0.07
Jules Koundé,0,24,35,32,2899,1,2,3,2.0,2.2,67,245,64,0.03,0.06,0.09,0.06,0.07
Boubakar Kouyaté,0,26,23,22,1928,0,2,2,0.8,1.3,4,58,3,0.0,0.09,0.09,0.04,0.06
Cheikhou Kouyaté,4,33,12,2,212,0,0,0,0.3,0.0,0,5,5,0.0,0.0,0.0,0.12,0.02
Mateo Kovačić,4,29,30,16,1551,1,0,1,1.3,1.6,37,100,38,0.06,0.0,0.06,0.07,0.09
Viktor Kovalenko,4,27,17,4,613,1,1,2,0.9,0.8,4,20,24,0.15,0.15,0.29,0.14,0.12
Matej Kovar,3,23,1,1,90,0,0,0,0.0,0.0,0,0,0,0.0,0.0,0.0,0.0,0.0
Dawid Kownacki,2,26,22,3,380,0,0,0,1.3,0.4,5,10,26,0.0,0.0,0.0,0.31,0.08
Emil Krafth,0,28,17,8,913,0,0,0,0.2,1.0,12,29,33,0.0,0.0,0.0,0.02,0.1
Alex Král,4,25,24,13,1370,0,0,0,1.7,0.4,15,44,41,0.0,0.0,0.0,0.11,0.02
Andrej Kramarić,5,32,30,25,2199,15,6,21,11.1,7.3,71,119,175,0.61,0.25,0.86,0.45,0.3
Christoph Kramer,4,32,14,1,249,0,0,0,0.1,0.1,10,17,8,0.0,0.0,0.0,0.04,0.05
Frans Krätzig,0,20,4,0,56,0,0,0,0.3,0.3,0,7,7,0.0,0.0,0.0,0.42,0.42
Tom Krauß,4,22,29,13,1346,1,2,3,0.8,0.4,12,68,29,0.07,0.13,0.2,0.05,0.03
Rasmus Kristensen,0,26,29,19,1744,1,1,2,0.5,0.9,16,40,115,0.05,0.05,0.1,0.03,0.05
Thomas Kristensen,0,21,26,23,2096,0,1,1,1.1,0.4,20,47,3,0.0,0.04,0.04,0.05,0.02
Toni Kroos,4,33,33,24,2124,1,8,9,1.6,4.9,32,290,29,0.04,0.34,0.38,0.07,0.21
Nikola Krstović,2,23,35,30,2373,7,1,8,11.6,3.0,32,52,126,0.27,0.04,0.3,0.44,0.11
Rade Krunić,4,29,10,8,687,0,0,0,0.1,0.5,5,24,3,0.0,0.0,0.0,0.02,0.07
Lukas Kübler,0,30,26,22,1847,1,0,1,0.6,0.3,13,70,32,0.05,0.0,0.05,0.03,0.02
Takefusa Kubo,5,22,30,24,2150,7,4,11,3.5,6.4,136,89,231,0.29,0.17,0.46,0.15,0.27
Mohammed Kudus,5,22,33,27,2484,8,6,14,5.1,3.5,117,80,216,0.29,0.22,0.51,0.19,0.13
Christian Kühlwetter,4,27,1,0,8,0,1,1,0.0,0.6,1,0,0,0.0,11.25,11.25,0.0,6.85
Dejan Kulusevski,5,23,36,31,2762,8,3,11,4.7,7.7,151,144,388,0.26,0.1,0.36,0.15,0.25
Sael Kumbedi,0,18,17,8,924,0,1,1,0.2,0.7,19,42,75,0.0,0.1,0.1,0.02,0.07
Marash Kumbulla,0,23,7,3,362,0,0,0,0.0,0.0,2,3,0,0.0,0.0,0.0,0.0,0.0
Justin Kumi,2,19,1,0,4,0,0,0,0.0,0.0,0,0,0,0.0,0.0,0.0,0.0,0.0
Layvin Kurzawa,0,30,1,0,9,0,0,0,0.0,0.0,0,0,1,0.0,0.0,0.0,0.0,0.0
Berkan Kutlu,4,25,6,0,199,0,0,0,0.2,0.3,4,5,9,0.0,0.0,0.0,0.07,0.13
Daler Kuzyaev,4,30,30,24,2090,2,2,4,1.8,1.3,23,119,97,0.09,0.09,0.17,0.08,0.06
Khvicha Kvaratskhelia,2,22,34,32,2737,11,6,17,11.1,6.8,184,89,266,0.36,0.2,0.56,0.37,0.23
Moritz-Broni Kwarteng,2,25,11,2,281,0,1,1,1.0,0.5,8,6,24,0.0,0.32,0.32,0.33,0.17
Grejohn Kyei,2,27,26,10,1026,2,1,3,4.9,1.2,12,30,85,0.18,0.09,0.26,0.43,0.11
Giorgos Kyriakopoulos,0,27,28,20,1712,0,3,3,1.2,1.4,64,70,94,0.0,0.16,0.16,0.06,0.07
Luca de la Torre,4,25,31,22,1956,1,4,5,2.5,1.4,58,93,88,0.05,0.18,0.23,0.11,0.07
Gaëtan Laborde,5,29,34,22,1906,5,2,7,7.7,1.8,33,46,161,0.24,0.09,0.33,0.36,0.08
Alexandre Lacazette,2,32,29,27,2293,19,2,21,11.4,1.9,22,61,144,0.75,0.08,0.82,0.45,0.07
Maxence Lacroix,0,23,28,27,2362,4,1,5,0.8,0.8,5,79,5,0.15,0.04,0.19,0.03,0.03
Alban Lafont,3,24,28,28,2496,0,0,0,0.0,0.0,0,3,0,0.0,0.0,0.0,0.0,0.0
Yoel Lago,0,19,1,1,90,0,0,0,0.0,0.0,0,2,0,0.0,0.0,0.0,0.0,0.0
Aïssa Laïdouni,4,26,23,10,1071,0,3,3,0.7,1.0,24,56,41,0.0,0.25,0.25,0.06,0.09
Konrad Laimer,1,26,29,18,1772,0,3,3,1.0,3.9,62,127,98,0.0,0.15,0.15,0.05,0.2
Stefan Lainer,1,30,15,8,751,0,1,1,0.2,0.7,15,37,31,0.0,0.12,0.12,0.02,0.08
Kenny Lala,0,31,33,33,2970,2,3,5,0.5,3.3,45,200,98,0.06,0.09,0.15,0.01,0.1
Adam Lallana,5,35,25,13,850,0,1,1,0.8,1.7,9,39,55,0.0,0.11,0.11,0.09,0.18
Mathis Lambourde,2,17,1,0,10,0,0,0,0.0,0.0,1,0,2,0.0,0.0,0.0,0.0,0.0
Érik Lamela,5,31,13,5,463,2,0,2,1.0,1.0,11,17,28,0.39,0.0,0.39,0.19,0.19
Mohamed Lamine Bayo,2,25,22,16,1389,5,1,6,7.2,0.6,18,20,115,0.32,0.06,0.39,0.47,0.04
Didier Lamkel Zé,5,26,9,7,550,1,0,1,1.6,0.9,15,19,23,0.16,0.0,0.16,0.26,0.15
Bruno Langa,0,25,11,9,820,1,0,1,0.2,0.4,14,25,30,0.11,0.0,0.11,0.02,0.04
Gianluca Lapadula,2,33,23,14,1205,3,1,4,4.8,1.1,8,4,63,0.22,0.07,0.3,0.36,0.08
Aymeric Laporte,0,29,1,0,12,0,0,0,0.0,0.0,0,0,0,0.0,0.0,0.0,0.27,0.0
Julien Laporte,0,29,23,20,1818,0,0,0,0.8,0.0,5,56,3,0.0,0.0,0.0,0.04,0.0
Cyle Larin,2,28,35,20,1823,3,2,5,9.0,1.4,20,13,103,0.15,0.1,0.25,0.45,0.07
Yasser Larouci,0,22,11,6,531,0,0,0,0.2,0.3,18,14,12,0.0,0.0,0.0,0.04,0.05
Hugo Larsson,4,19,29,21,1886,2,1,3,1.3,1.4,26,68,42,0.1,0.05,0.14,0.06,0.07
Jamaal Lascelles,0,29,16,13,1080,1,0,1,0.7,0.1,8,31,3,0.08,0.0,0.08,0.06,0.01
Juanmi Latasa,2,22,32,15,1555,2,0,2,3.6,1.5,7,16,82,0.12,0.0,0.12,0.21,0.09
Toni Lato,0,25,28,16,1544,0,1,1,0.2,1.3,30,39,110,0.0,0.06,0.06,0.01,0.08
Armand Lauriente,2,24,37,35,2908,5,4,9,5.7,4.0,125,99,268,0.15,0.12,0.28,0.18,0.12
Roméo Lavia,4,19,1,0,33,0,0,0,0.0,0.0,0,1,0,0.0,0.0,0.0,0.0,0.0
Lázaro,5,21,14,2,285,0,0,0,0.9,0.5,5,6,34,0.0,0.0,0.0,0.28,0.17
Valentino Lazaro,1,27,35,21,1994,0,4,4,1.7,2.9,53,94,106,0.0,0.18,0.18,0.08,0.13
Darko Lazović,5,32,32,22,1928,3,2,5,2.8,4.4,43,66,139,0.14,0.09,0.23,0.13,0.21
Manuel Lazzari,0,29,24,19,1671,0,2,2,1.0,1.3,73,62,104,0.0,0.11,0.11,0.06,0.07
Théo Le Bris,1,20,26,15,1516,0,2,2,1.2,1.6,56,58,117,0.0,0.12,0.12,0.07,0.1
Julien Le Cardinal,0,25,12,5,473,0,0,0,0.3,0.1,3,24,4,0.0,0.0,0.0,0.05,0.02
Julien Le Cardinal,0,25,2,0,58,0,0,0,0.0,0.0,1,4,2,0.0,0.0,0.0,0.0,0.0
Jérémy Le Douaron,2,25,33,19,1618,4,0,4,6.2,1.0,48,21,130,0.22,0.0,0.22,0.34,0.06
Enzo Le Fée,4,23,25,19,1527,0,1,1,0.5,1.8,45,124,58,0.0,0.06,0.06,0.03,0.11
Vincent Le Goff,1,33,9,8,541,1,1,2,0.1,0.9,9,22,51,0.17,0.17,0.33,0.02,0.15
Robin Le Normand,0,26,29,28,2469,2,0,2,1.0,0.1,21,106,1,0.07,0.0,0.07,0.04,0.0
Nicola Leali,3,30,3,2,176,0,0,0,0.0,0.0,0,0,0,0.0,0.0,0.0,0.0,0.0
Rafael Leão,2,24,34,29,2512,9,9,18,10.0,9.1,160,117,293,0.32,0.32,0.64,0.36,0.32
Adrien Lebeau,5,24,7,0,54,0,1,1,0.1,0.5,1,0,5,0.0,1.67,1.67,0.1,0.77
Jean-Louis Leca,3,37,1,1,90,0,0,0,0.0,0.0,0,0,0,0.0,0.0,0.0,0.0,0.0
Benjamin Lecomte,3,32,30,30,2700,0,1,1,0.0,0.5,0,0,0,0.0,0.03,0.03,0.0,0.02
Jeremías Ledesma,3,30,34,34,3048,0,0,0,0.0,0.1,0,0,0,0.0,0.0,0.0,0.0,0.0
Pierre Lees-Melou,4,30,29,29,2517,4,0,4,2.4,2.4,51,193,43,0.14,0.0,0.14,0.09,0.08
Diogo Leite,0,24,32,31,2702,0,0,0,0.8,0.2,14,121,4,0.0,0.0,0.0,0.03,0.01
Maxim Leitsch,0,25,7,4,379,0,0,0,0.0,0.0,1,7,0,0.0,0.0,0.0,0.0,0.0
Florian Lejeune,0,32,37,37,3327,3,1,4,3.3,0.7,15,114,4,0.08,0.03,0.11,0.09,0.02
Stefan Lekovic,0,19,1,0,29,0,0,0,0.0,0.0,0,0,0,0.0,0.0,0.0,0.0,0.0
Iñigo Lekue,0,30,27,22,2002,0,2,2,0.2,1.1,44,119,35,0.0,0.09,0.09,0.01,0.05
Thomas Lemar,4,27,3,3,164,0,0,0,0.2,0.0,5,13,9,0.0,0.0,0.0,0.09,0.01
Mario Lemina,4,29,35,34,2968,4,1,5,4.6,1.5,32,76,49,0.12,0.03,0.15,0.14,0.05
Álvaro Lemos,0,30,4,3,251,0,0,0,0.0,0.0,6,17,8,0.0,0.0,0.0,0.01,0.0
Ruben Lendinez,0,20,1,0,11,0,0,0,0.0,0.0,0,0,3,0.0,0.0,0.0,0.0,0.0
Clément Lenglet,0,28,14,14,1153,0,1,1,0.9,0.8,26,51,1,0.0,0.08,0.08,0.07,0.06
Bernd Leno,3,31,38,38,3420,0,0,0,0.0,0.0,0,0,0,0.0,0.0,0.0,0.0,0.0
Christopher Lenz,1,28,5,0,47,0,0,0,0.0,0.1,1,2,7,0.0,0.0,0.0,0.0,0.22
Christopher Lenz,0,28,1,0,10,0,0,0,0.0,0.0,0,1,0,0.0,0.0,0.0,0.0,0.0
Johann Lepenant,4,20,6,2,253,0,0,0,0.1,0.1,5,24,6,0.0,0.0,0.0,0.05,0.03
Jefferson Lerma,1,28,28,27,2400,1,1,2,2.7,2.2,14,106,51,0.04,0.04,0.07,0.1,0.08
Léo Leroy,4,23,21,3,499,0,1,1,0.8,0.7,8,21,9,0.0,0.18,0.18,0.15,0.13
Robert Lewandowski,2,34,35,32,2750,19,8,27,18.1,4.9,43,64,168,0.62,0.26,0.88,0.59,0.16
Jamie Leweling,5,22,34,17,1523,4,4,8,6.1,3.2,65,35,172,0.24,0.24,0.47,0.36,0.19
Rico Lewis,1,18,16,8,809,2,0,2,0.6,1.1,21,33,46,0.22,0.0,0.22,0.07,0.12
Philipp Lienhart,0,27,15,14,1265,1,0,1,1.1,1.1,14,53,3,0.07,0.0,0.07,0.08,0.08
Matthijs de Ligt,0,23,22,16,1390,2,0,2,1.7,0.1,16,98,6,0.13,0.0,0.13,0.11,0.01
Victor Lindelöf,0,29,19,14,1328,1,1,2,0.8,0.3,17,40,17,0.07,0.07,0.14,0.05,0.02
Jesper Lindstrøm,5,23,22,2,430,0,0,0,0.7,1.0,16,16,34,0.0,0.0,0.0,0.14,0.22
Jesper Lindstrøm,2,23,1,1,83,0,0,0,0.2,0.0,2,1,9,0.0,0.0,0.0,0.2,0.0
Karol Linetty,4,28,28,19,1858,0,0,0,0.5,0.8,31,87,25,0.0,0.0,0.0,0.02,0.04
Samuel Lino,1,23,34,25,2080,4,5,9,5.6,4.7,131,84,215,0.17,0.22,0.39,0.24,0.21
Luca Lipani,4,18,8,5,384,0,0,0,0.1,0.2,6,20,3,0.0,0.0,0.0,0.02,0.05
Pol Lirola,0,25,25,18,1536,2,1,3,1.3,1.1,30,65,59,0.12,0.06,0.18,0.08,0.06
Marcin Listkowski,2,25,1,0,8,0,0,0,0.0,0.0,0,1,0,0.0,0.0,0.0,0.47,0.0
Valentino Livramento,0,20,26,12,1314,1,0,1,0.4,0.8,44,61,76,0.07,0.0,0.07,0.03,0.05
Dejan Ljubicic,5,25,26,24,2048,0,2,2,1.9,3.0,41,84,73,0.0,0.09,0.09,0.08,0.13
Javier Llabrés,5,20,16,1,247,1,0,1,0.7,0.3,9,5,30,0.36,0.0,0.36,0.25,0.11
Diego Llorente,0,29,29,27,2170,1,1,2,0.3,0.6,20,75,5,0.04,0.04,0.08,0.01,0.02
Marcos Llorente,1,28,37,29,2565,6,4,10,4.1,5.6,71,106,179,0.21,0.14,0.35,0.14,0.2
Gautier Lloris,0,28,31,31,2778,2,0,2,2.1,0.2,13,105,5,0.06,0.0,0.06,0.07,0.01
Abou Lô,1,23,6,2,197,0,0,0,0.1,0.3,0,4,2,0.0,0.0,0.0,0.06,0.16
Giovani Lo Celso,4,27,22,4,506,2,2,4,0.6,1.9,25,68,29,0.36,0.36,0.71,0.1,0.34
Stanislav Lobotka,4,28,38,38,3282,0,1,1,0.6,1.3,29,188,34,0.0,0.03,0.03,0.02,0.04
Manuel Locatelli,4,25,36,34,3008,1,4,5,1.3,1.4,21,232,26,0.03,0.12,0.15,0.04,0.04
Bradley Locko,0,21,33,33,2959,0,3,3,0.3,1.6,83,129,162,0.0,0.09,0.09,0.01,0.05
Tom Lockyer,0,28,14,14,1169,1,1,2,1.1,0.6,6,37,2,0.08,0.08,0.15,0.08,0.05
Renan Lodi,0,25,14,14,1235,0,0,0,0.3,1.3,25,51,77,0.0,0.0,0.0,0.02,0.1
Ruben Loftus-Cheek,4,27,29,26,2068,6,1,7,3.7,2.4,73,74,113,0.26,0.04,0.3,0.16,0.1
Andy Logbo,2,19,10,2,248,0,0,0,0.3,0.1,1,2,7,0.0,0.0,0.0,0.12,0.04
Enzo Loiodice,4,22,34,19,1790,0,1,1,0.5,1.3,27,97,72,0.0,0.05,0.05,0.03,0.07
Sean Longstaff,4,25,35,30,2747,6,2,8,6.6,2.3,24,145,116,0.2,0.07,0.26,0.22,0.07
Ademola Lookman,5,25,31,22,1894,11,7,18,9.1,5.2,72,97,222,0.52,0.33,0.86,0.43,0.25
Noah Loosli,0,26,10,2,346,0,0,0,0.0,0.0,1,6,3,0.0,0.0,0.0,0.0,0.0
Anthony Lopes,3,32,31,31,2790,0,0,0,0.0,0.3,1,1,0,0.0,0.0,0.0,0.0,0.01
David López,0,33,25,25,1965,3,0,3,2.1,0.2,15,54,1,0.14,0.0,0.14,0.1,0.01
Diego López,5,21,36,30,2656,3,6,9,3.7,5.4,75,73,180,0.1,0.2,0.3,0.12,0.18
Fermin López,5,20,31,14,1446,8,0,8,7.5,1.1,42,76,93,0.5,0.0,0.5,0.47,0.07
Javi López,0,21,32,25,2386,1,3,4,0.9,3.0,53,92,120,0.04,0.11,0.15,0.04,0.11
Maxime Lopez,4,25,19,7,800,0,0,0,0.2,0.6,14,48,11,0.0,0.0,0.0,0.02,0.06
Maxime Lopez,4,25,2,2,140,0,0,0,0.0,0.2,2,18,4,0.0,0.0,0.0,0.0,0.11
Pau López,3,28,33,33,2939,0,0,0,0.0,0.5,0,0,0,0.0,0.0,0.0,0.0,0.01
Unai López,4,27,35,28,2108,1,2,3,1.1,2.5,32,116,59,0.04,0.09,0.13,0.05,0.11
Dion Lopy,4,21,30,23,1916,0,0,0,1.3,1.2,23,90,19,0.0,0.0,0.0,0.06,0.05
Anthony Losilla,4,37,31,31,2576,1,2,3,2.3,1.5,11,100,42,0.03,0.07,0.1,0.08,0.05
Jordan Lotomba,0,24,28,21,1804,1,0,1,0.9,1.1,36,52,40,0.05,0.0,0.05,0.04,0.05
Tom Louchet,1,20,13,3,409,1,1,2,1.0,0.7,6,18,40,0.22,0.22,0.44,0.23,0.16
Imran Louza,4,24,14,10,863,1,3,4,1.1,2.5,19,83,36,0.1,0.31,0.42,0.11,0.27
Matteo Lovato,0,23,13,6,544,0,0,0,0.0,0.0,0,4,0,0.0,0.0,0.0,0.01,0.0
Matteo Lovato,0,23,13,11,947,0,0,0,0.0,0.2,1,29,1,0.0,0.0,0.0,0.0,0.02
Dejan Lovren,0,34,10,8,718,0,0,0,0.4,0.0,5,20,1,0.0,0.0,0.0,0.06,0.0
Sandi Lovrić,4,25,29,21,1987,1,3,4,3.5,3.3,52,80,80,0.05,0.14,0.18,0.16,0.15
Max Lowe,1,26,10,4,503,0,0,0,0.6,0.7,5,12,11,0.0,0.0,0.0,0.1,0.13
Anthony Lozano,5,30,6,0,92,0,0,0,0.2,0.3,0,1,6,0.0,0.0,0.0,0.18,0.25
Anthony Lozano,2,30,13,10,772,3,0,3,3.3,0.7,12,16,24,0.35,0.0,0.35,0.38,0.08
Lucas,0,22,28,15,1539,1,0,1,0.8,1.9,30,47,65,0.06,0.0,0.06,0.05,0.11
Lorenzo Lucca,2,22,37,30,2592,8,4,12,7.8,1.6,10,18,118,0.28,0.14,0.42,0.27,0.06
Jhon Lucumí,0,25,29,23,2217,0,0,0,0.8,0.3,28,93,4,0.0,0.0,0.0,0.03,0.01
José Luis Gayà,0,28,24,22,1791,1,2,3,0.5,2.6,41,72,97,0.05,0.1,0.15,0.02,0.13
José Luis Morales,5,36,29,8,1048,7,0,7,5.6,0.6,29,17,79,0.6,0.0,0.6,0.48,0.05
José Luis Palomino,0,33,4,0,27,0,0,0,0.0,0.0,0,2,0,0.0,0.0,0.0,0.0,0.0
Douglas Luiz,4,25,35,35,2993,9,5,14,6.9,5.4,60,168,50,0.27,0.15,0.42,0.21,0.16
Romelu Lukaku,2,30,32,30,2641,13,3,16,9.8,2.4,37,37,234,0.44,0.1,0.55,0.33,0.08
Castello Lukeba,0,20,32,24,2191,1,0,1,0.8,0.1,23,107,9,0.04,0.0,0.04,0.03,0.01
Dodi Lukebakio,5,25,23,12,1125,5,1,6,5.6,0.7,48,26,116,0.4,0.08,0.48,0.45,0.05
Saša Lukić,4,26,24,13,1122,1,0,1,1.6,0.8,12,43,27,0.08,0.0,0.08,0.13,0.06
Karlo Lulić,4,27,1,0,19,0,0,0,0.0,0.0,1,0,0,0.0,0.0,0.0,0.0,0.0
Andriy Lunin,3,24,21,21,1890,0,0,0,0.0,0.3,0,0,0,0.0,0.0,0.0,0.0,0.01
Sebastiano Luperto,0,26,38,38,3406,1,1,2,1.7,1.0,13,100,13,0.03,0.03,0.05,0.04,0.03
Mateus Lusuardi,0,19,4,3,219,0,0,0,0.1,0.0,2,12,0,0.0,0.0,0.0,0.03,0.0
Andreas Luthe,3,36,1,1,90,0,0,0,0.0,0.0,0,0,0,0.0,0.0,0.0,0.0,0.0
Zito Luvumbo,5,21,30,19,1946,4,5,9,4.0,3.1,85,21,181,0.18,0.23,0.42,0.18,0.14
Charalambos Lykogiannis,0,29,22,10,904,2,1,3,1.3,1.6,36,35,41,0.2,0.1,0.3,0.13,0.16
Senne Lynen,4,24,32,20,1797,0,3,3,0.4,1.8,10,66,28,0.0,0.15,0.15,0.02,0.09
Joshua M'Bahia,4,18,1,0,14,0,0,0,0.0,0.0,0,1,2,0.0,0.0,0.0,0.0,0.21
Othmane Maamma,2,17,2,1,88,1,0,1,0.3,0.5,7,2,3,1.02,0.0,1.02,0.27,0.47
Ian Maatsen,5,21,12,1,209,0,0,0,0.8,0.1,9,8,15,0.0,0.0,0.0,0.35,0.04
Ian Maatsen,0,21,16,15,1264,2,2,4,0.9,1.4,41,80,49,0.14,0.14,0.28,0.07,0.1
Alexis Mac Allister,4,24,33,31,2599,5,5,10,3.7,3.6,44,209,48,0.17,0.17,0.35,0.13,0.12
Deiver Machado,0,29,19,13,1124,4,0,4,1.7,1.3,22,26,74,0.32,0.0,0.32,0.13,0.1
Darwin Machís,4,30,21,10,785,4,0,4,1.4,0.7,20,15,54,0.46,0.0,0.46,0.16,0.08
James Maddison,4,26,28,26,2135,4,9,13,6.4,5.9,58,224,156,0.17,0.38,0.55,0.27,0.25
Noni Madueke,2,21,23,13,1053,5,2,7,2.5,2.6,76,52,136,0.43,0.17,0.6,0.21,0.23
Pablo Maffeo,0,26,22,17,1454,1,2,3,0.8,0.9,38,41,68,0.06,0.12,0.19,0.05,0.05
Gabriel Magalhães,0,25,36,34,3044,4,0,4,4.3,0.7,13,117,8,0.12,0.0,0.12,0.13,0.02
Soungoutou Magassa,1,19,21,15,1346,0,0,0,0.6,0.1,7,92,13,0.0,0.0,0.0,0.04,0.01
Giulio Maggiore,4,25,27,20,1800,4,2,6,2.3,1.1,8,64,25,0.2,0.1,0.3,0.11,0.06
Matej Maglica,0,24,26,21,1698,1,0,1,0.6,0.7,11,62,5,0.05,0.0,0.05,0.03,0.03
Giangiacomo Magnani,0,27,33,27,2444,0,0,0,0.5,0.2,15,79,10,0.0,0.0,0.0,0.02,0.01
Hugo Magnetti,4,25,33,30,2340,2,0,2,2.4,1.8,36,101,61,0.08,0.0,0.08,0.09,0.07
Yohann Magnin,4,26,31,17,1687,1,0,1,1.6,0.7,14,71,47,0.05,0.0,0.05,0.09,0.04
Frank Magri,5,23,29,14,1438,5,2,7,3.1,1.6,31,34,121,0.31,0.13,0.44,0.19,0.1
Harry Maguire,0,30,22,18,1653,2,2,4,2.0,1.2,20,73,2,0.11,0.11,0.22,0.11,0.07
Jon Magunacelaya,5,23,5,1,121,0,0,0,0.3,0.5,2,2,10,0.0,0.0,0.0,0.21,0.34
Adel Mahamoud,2,20,1,0,10,0,0,0,0.0,0.0,0,2,1,0.0,0.0,0.0,0.0,0.0
Arne Maier,4,24,22,10,1003,2,4,6,1.5,2.3,17,64,66,0.18,0.36,0.54,0.14,0.21
Habib Maïga,5,27,7,1,147,0,0,0,0.1,0.0,1,3,1,0.0,0.0,0.0,0.07,0.0
Mike Maignan,3,28,29,29,2609,0,1,1,0.0,0.3,0,0,0,0.0,0.03,0.03,0.0,0.01
Linton Maina,5,24,31,21,1901,1,3,4,1.9,3.1,109,61,169,0.05,0.14,0.19,0.09,0.15
Patrick Mainka,0,28,34,34,3060,2,0,2,3.2,0.1,33,122,6,0.06,0.0,0.06,0.09,0.0
Kobbie Mainoo,4,18,24,24,1924,3,1,4,0.9,0.7,25,64,36,0.14,0.05,0.19,0.04,0.03
Ainsley Maitland-Niles,1,25,23,16,1432,1,4,5,3.0,2.1,26,76,82,0.06,0.25,0.31,0.19,0.13
Radosław Majecki,3,23,12,12,1080,0,0,0,0.0,0.0,0,1,0,0.0,0.0,0.0,0.0,0.0
Lovro Majer,4,25,1,0,16,0,0,0,0.0,0.3,1,0,1,0.0,0.0,0.0,0.14,1.39
Lovro Majer,5,25,32,25,2106,5,5,10,5.4,3.2,61,124,140,0.21,0.21,0.43,0.23,0.14
Jean-Victor Makengo,5,25,11,5,479,0,0,0,0.3,0.0,11,28,17,0.0,0.0,0.0,0.05,0.0
Jordy Makengo,0,21,20,10,1026,0,0,0,0.2,0.2,27,52,34,0.0,0.0,0.0,0.02,0.02
Antoine Makoumbou,4,25,32,32,2702,1,0,1,0.7,0.9,37,137,52,0.03,0.0,0.03,0.02,0.03
Nemanja Maksimović,4,28,37,37,3265,4,0,4,5.5,1.1,22,73,35,0.11,0.0,0.11,0.15,0.03
Julián Malatini,0,22,11,6,602,1,0,1,1.0,0.2,9,27,7,0.15,0.0,0.15,0.15,0.04
Daniel Maldini,5,21,11,2,333,4,1,5,1.3,1.2,15,10,22,1.08,0.27,1.35,0.34,0.31
Daniel Maldini,5,21,7,3,263,0,0,0,0.3,0.0,7,10,10,0.0,0.0,0.0,0.1,0.01
Youssef Maleh,4,24,34,30,2602,0,1,1,1.6,2.4,17,117,65,0.0,0.03,0.03,0.05,0.08
Donyell Malen,5,24,27,21,1781,13,1,14,9.5,3.0,73,57,163,0.66,0.05,0.71,0.48,0.15
Ruslan Malinovskyi,4,30,28,18,1544,4,1,5,1.1,0.6,24,83,31,0.23,0.06,0.29,0.06,0.03
Lennard Maloney,4,23,29,27,2284,1,1,2,0.8,1.1,3,62,17,0.04,0.04,0.08,0.03,0.04
Aaron Malouda,2,17,1,0,1,0,0,0,0.0,0.0,0,0,0,0.0,0.0,0.0,0.0,0.0
Giorgi Mamardashvili,3,22,37,37,3284,0,0,0,0.0,0.4,0,0,0,0.0,0.0,0.0,0.0,0.01
Wilson Manafá,1,29,4,3,240,0,0,0,0.0,0.3,5,4,6,0.0,0.0,0.0,0.0,0.11
Hianga Mananga Mbock,5,23,2,0,9,0,0,0,0.1,0.2,1,2,0,0.0,0.0,0.0,0.55,1.62
Gianluca Mancini,0,27,36,34,2869,4,1,5,1.9,1.1,38,139,13,0.13,0.03,0.16,0.06,0.04
Marco Mancosu,5,34,6,3,156,0,0,0,1.2,0.2,4,8,11,0.0,0.0,0.0,0.71,0.13
Steve Mandanda,3,38,34,34,3060,0,0,0,0.0,0.0,0,2,0,0.0,0.0,0.0,0.0,0.0
Christos Mandas,3,21,9,8,721,0,0,0,0.0,0.0,0,0,0,0.0,0.0,0.0,0.0,0.0
Reinildo Mandava,0,29,16,7,731,2,1,3,0.9,0.6,10,36,17,0.25,0.12,0.37,0.1,0.08
Aïssa Mandi,0,31,16,12,1113,1,0,1,0.6,0.7,6,55,4,0.08,0.0,0.08,0.05,0.05
Rolando Mandragora,4,26,33,16,1588,3,3,6,3.5,1.6,7,93,32,0.17,0.17,0.34,0.2,0.09
Orel Mangala,4,25,20,19,1563,1,0,1,0.8,0.2,13,45,14,0.06,0.0,0.06,0.05,0.01
Orel Mangala,4,25,8,4,398,2,0,2,1.0,0.7,9,26,21,0.45,0.0,0.45,0.22,0.15
Vito Mannone,3,35,2,1,91,0,0,0,0.0,0.0,0,0,0,0.0,0.0,0.0,0.0,0.0
Kostas Manolas,0,32,8,6,488,0,0,0,0.1,0.1,0,10,2,0.0,0.0,0.0,0.03,0.01
Javier Manquillo,1,29,12,10,744,0,1,1,0.1,0.2,5,25,16,0.0,0.12,0.12,0.01,0.02
Braydon Manu,4,26,4,3,171,0,0,0,0.4,0.1,5,1,9,0.0,0.0,0.0,0.19,0.04
Benson Manuel,5,26,8,1,116,0,0,0,0.1,0.0,5,2,14,0.0,0.0,0.0,0.05,0.03
Faitout Maouassa,1,25,6,2,229,0,1,1,0.2,0.5,8,6,15,0.0,0.39,0.39,0.06,0.18
Faitout Maouassa,1,25,3,1,76,0,0,0,0.1,0.1,2,0,2,0.0,0.0,0.0,0.09,0.12
Marcão,0,27,7,3,355,0,0,0,0.0,0.2,3,12,0,0.0,0.0,0.0,0.0,0.05
Riccardo Marchizza,0,25,13,13,1148,0,4,4,0.4,0.8,6,36,39,0.0,0.31,0.31,0.03,0.06
Gian Marco Ferrari,0,31,31,25,2272,1,0,1,1.6,0.3,32,148,7,0.04,0.0,0.04,0.06,0.01
Óscar de Marcos,0,34,28,26,2258,1,5,6,0.6,3.1,51,143,125,0.04,0.2,0.24,0.03,0.12
Alberto Marí,2,22,16,2,276,1,1,2,1.8,0.9,2,6,13,0.33,0.33,0.65,0.6,0.28
José Mari,5,35,3,0,14,0,0,0,0.0,0.0,0,1,1,0.0,0.0,0.0,0.0,0.18
Pablo Marí,0,29,34,30,2615,0,0,0,0.4,0.3,2,62,1,0.0,0.0,0.0,0.01,0.01
José María Giménez,0,28,22,14,1326,0,0,0,0.4,0.1,2,26,1,0.0,0.0,0.0,0.03,0.0
Mariano,5,29,9,2,244,0,0,0,1.2,0.1,3,6,17,0.0,0.0,0.0,0.45,0.02
Mirko Marić,2,28,10,1,287,1,0,1,0.9,0.5,2,4,30,0.31,0.0,0.31,0.27,0.15
Rafa Marín,0,21,33,27,2443,0,0,0,0.7,0.3,13,77,6,0.0,0.0,0.0,0.03,0.01
Răzvan Marin,4,27,30,20,1818,0,3,3,1.1,3.0,21,72,24,0.0,0.15,0.15,0.05,0.15
Diego Mariño,3,33,1,1,90,0,0,0,0.0,0.0,0,0,0,0.0,0.0,0.0,0.0,0.0
Guillermo Maripán,0,29,23,21,1767,1,0,1,0.4,0.5,4,59,5,0.05,0.0,0.05,0.02,0.02
Mika Màrmol,0,21,36,36,3178,0,1,1,0.2,1.0,36,142,13,0.0,0.03,0.03,0.0,0.03
Omar Marmoush,5,24,29,27,2301,12,6,18,11.6,4.4,88,60,165,0.47,0.23,0.7,0.46,0.17
Marquinhos,5,20,7,1,154,0,0,0,0.3,0.7,2,4,11,0.0,0.0,0.0,0.15,0.43
Marquinhos,0,29,21,18,1537,0,1,1,0.4,0.5,18,114,3,0.0,0.06,0.06,0.03,0.03
Unai Marrero,3,21,2,1,142,0,0,0,0.0,0.0,0,0,0,0.0,0.0,0.0,0.0,0.0
Agustín Martegani,4,23,18,6,731,1,0,1,0.6,0.5,14,28,22,0.12,0.0,0.12,0.07,0.06
Eric Martel,4,21,30,29,2457,1,1,2,2.2,1.1,21,75,35,0.04,0.04,0.07,0.08,0.04
Roger Martí,2,32,23,18,1359,2,3,5,2.8,2.9,7,19,64,0.13,0.2,0.33,0.18,0.19
Anthony Martial,2,27,13,5,448,1,0,1,1.2,0.2,6,12,36,0.2,0.0,0.2,0.25,0.05
Aarón Martín,0,26,22,17,1376,0,1,1,0.2,1.7,28,35,72,0.0,0.07,0.07,0.01,0.11
Iván Martín,4,24,36,33,2729,5,4,9,2.9,3.4,84,143,109,0.16,0.13,0.3,0.09,0.11
Jon Martin,0,17,1,0,24,0,0,0,0.0,0.0,0,0,0,0.0,0.0,0.0,0.0,0.0
Jonas Martin,4,33,31,9,1208,0,1,1,1.2,0.9,28,105,32,0.0,0.07,0.07,0.09,0.07
Mario Martín,4,19,2,0,18,0,0,0,0.0,0.0,0,0,1,0.0,0.0,0.0,0.0,0.0
Gabriel Martinelli,2,22,35,24,2019,6,4,10,6.8,6.1,127,65,345,0.27,0.18,0.45,0.31,0.27
Arnau Martinez,0,20,21,14,1241,0,2,2,0.2,1.4,29,68,16,0.0,0.15,0.15,0.01,0.1
Emiliano Martínez,3,30,34,34,3015,0,0,0,0.0,0.0,0,2,0,0.0,0.0,0.0,0.0,0.0
Iñigo Martínez,0,32,20,13,1296,0,0,0,0.4,0.0,33,97,5,0.0,0.0,0.0,0.03,0.0
Josep Martinez,3,25,36,36,3239,0,0,0,0.0,0.0,0,2,0,0.0,0.0,0.0,0.0,0.0
Lautaro Martínez,2,25,33,31,2656,24,3,27,17.6,3.6,54,80,172,0.81,0.1,0.91,0.6,0.12
Lisandro Martínez,0,25,11,8,646,0,1,1,0.0,0.1,8,28,1,0.0,0.14,0.14,0.0,0.01
Marc Martínez,3,33,3,3,270,0,0,0,0.0,0.0,0,0,0,0.0,0.0,0.0,0.0,0.0
Lucas Martínez Quarta,0,27,29,26,2291,5,1,6,2.7,1.8,23,177,16,0.2,0.04,0.24,0.11,0.07
Adam Marušić,0,30,37,37,3100,1,0,1,0.4,0.8,35,118,108,0.03,0.0,0.03,0.01,0.02
Omar Mascarell,4,30,29,18,1571,0,0,0,0.4,0.0,12,67,11,0.0,0.0,0.0,0.02,0.0
Adam Masina,0,29,4,1,64,0,0,0,0.1,0.0,0,1,3,0.0,0.0,0.0,0.08,0.0
Adam Masina,0,29,16,10,1024,0,0,0,0.2,0.2,3,42,6,0.0,0.0,0.0,0.02,0.02
Erhan Mašović,1,24,29,24,2219,0,0,0,1.1,0.3,15,47,10,0.0,0.0,0.0,0.04,0.01
Han-Noah Massengo,1,22,3,0,16,0,0,0,0.0,0.0,2,0,0,0.0,0.0,0.0,0.0,0.0
Clinton Mata,0,30,28,25,2220,0,3,3,0.6,2.2,32,97,60,0.0,0.12,0.12,0.02,0.09
Jaime Mata,5,34,35,22,1787,5,1,6,5.6,1.5,16,19,138,0.25,0.05,0.3,0.28,0.08
Pape Matar Sarr,4,20,34,27,2069,3,3,6,3.4,2.2,43,150,90,0.13,0.13,0.26,0.15,0.1
Eliot Matazo,4,21,6,0,102,0,1,1,0.1,1.0,2,10,2,0.0,0.88,0.88,0.07,0.91
Jean-Philippe Mateta,2,26,35,25,2282,16,5,21,10.9,3.1,29,25,135,0.63,0.2,0.83,0.43,0.12
Nemanja Matić,4,34,13,11,1027,0,0,0,0.3,0.8,14,83,8,0.0,0.0,0.0,0.03,0.07
Nemanja Matić,4,34,15,15,1254,0,0,0,0.3,0.6,26,118,17,0.0,0.0,0.0,0.02,0.04
Joël Matip,0,31,10,9,781,0,0,0,0.5,0.1,8,34,1,0.0,0.0,0.0,0.06,0.01
Alex Matos,4,18,1,0,1,0,0,0,0.0,0.0,0,0,0,0.0,0.0,0.0,0.0,0.0
Chrislain Matsima,0,21,14,13,1180,1,0,1,0.2,0.0,13,45,1,0.08,0.0,0.08,0.01,0.0
Chrislain Matsima,0,21,6,3,298,0,1,1,0.1,0.1,5,31,5,0.0,0.3,0.3,0.04,0.02
Jean Mattéo Bahoya,5,18,8,1,177,0,0,0,0.0,0.1,6,3,22,0.0,0.0,0.0,0.0,0.03
Remi Matthews,3,29,1,0,4,0,0,0,0.0,0.0,0,0,0,0.0,0.0,0.0,0.0,0.0
Alan Matturro,0,18,6,1,106,0,0,0,0.1,0.0,0,4,1,0.0,0.0,0.0,0.06,0.0
Azor Matusiwa,4,25,16,16,1385,1,0,1,0.7,0.7,12,78,12,0.06,0.0,0.06,0.04,0.04
Azor Matusiwa,4,25,12,9,794,0,1,1,0.3,0.4,3,64,12,0.0,0.11,0.11,0.04,0.04
Neal Maupay,2,26,29,13,1321,6,3,9,5.7,2.3,21,37,91,0.41,0.2,0.61,0.39,0.16
Neal Maupay,2,26,2,1,111,0,0,0,1.4,0.1,1,0,6,0.0,0.0,0.0,1.16,0.05
Aïman Maurer,5,18,5,0,56,0,0,0,0.1,0.0,1,2,8,0.0,0.0,0.0,0.2,0.0
Konstantinos Mavropanos,0,25,19,16,1500,1,0,1,1.2,0.2,10,38,2,0.06,0.0,0.06,0.07,0.01
Christian Mawissa,0,18,17,12,1118,2,0,2,1.0,0.3,26,39,11,0.16,0.0,0.16,0.08,0.02
Philipp Max,0,29,23,17,1350,1,2,3,0.2,2.8,25,63,56,0.07,0.13,0.2,0.02,0.18
Eric Maxim Choupo-Moting,5,34,27,7,717,2,2,4,4.5,1.8,23,21,71,0.25,0.25,0.5,0.57,0.23
Luís Maximiano,3,24,33,33,2970,0,0,0,0.0,0.0,0,0,0,0.0,0.0,0.0,0.0,0.0
Noam Mayoka-Tika,4,19,1,0,1,0,0,0,0.0,0.0,0,0,0,0.0,0.0,0.0,0.0,0.0
Borja Mayoral,2,26,27,25,2153,15,1,16,11.9,1.4,27,67,100,0.63,0.04,0.67,0.5,0.06
Senny Mayulu,5,17,8,3,324,0,1,1,0.1,0.5,4,11,38,0.0,0.28,0.28,0.04,0.13
Youssef Maziz,5,25,2,2,124,1,0,1,0.1,0.1,2,6,2,0.73,0.0,0.73,0.08,0.04
Noussair Mazraoui,0,25,19,15,1197,0,3,3,0.9,1.8,34,103,79,0.0,0.23,0.23,0.07,0.13
Luca Mazzitelli,4,27,29,26,2210,5,0,5,2.3,1.1,18,167,53,0.2,0.0,0.2,0.09,0.05
Pasquale Mazzocchi,0,28,18,16,1272,0,1,1,0.3,1.3,36,36,62,0.0,0.07,0.07,0.02,0.09
Pasquale Mazzocchi,0,28,10,4,428,0,1,1,0.2,0.2,14,24,22,0.0,0.21,0.21,0.03,0.04
Kevin Mbabu,0,28,25,22,2047,0,2,2,0.1,1.9,70,84,106,0.0,0.09,0.09,0.01,0.09
Noah Mbamba,4,18,3,0,16,0,1,1,0.0,0.6,1,2,1,0.0,5.63,5.63,0.14,3.16
Ethan Mbappé,1,16,3,0,48,0,0,0,0.1,0.0,1,1,4,0.0,0.0,0.0,0.27,0.0
Kylian Mbappé,2,24,29,24,2158,27,7,34,21.0,5.7,114,122,286,1.13,0.29,1.42,0.87,0.24
Malick Mbaye,5,19,5,1,153,0,0,0,0.4,0.2,8,1,20,0.0,0.0,0.0,0.26,0.11
Mamadou Mbaye,0,25,4,2,288,0,0,0,0.3,0.0,0,4,0,0.0,0.0,0.0,0.11,0.0
Chancel Mbemba,0,28,25,25,2207,2,2,4,1.8,1.0,16,131,10,0.08,0.08,0.16,0.07,0.04
Nolan Mbemba,4,28,6,0,22,1,0,1,0.0,0.0,0,5,1,4.09,0.0,4.09,0.17,0.0
Bryan Mbeumo,2,23,25,22,1960,9,6,15,9.8,4.6,74,88,195,0.41,0.28,0.69,0.45,0.21
Christ Mbondi,2,18,1,0,2,0,0,0,0.0,0.0,0,0,1,0.0,0.0,0.0,0.0,0.0
Jordi Mboula,5,24,11,5,307,0,1,1,0.2,0.4,10,4,22,0.0,0.29,0.29,0.06,0.11
Nathanael Mbuku,2,21,1,0,5,0,0,0,0.0,0.0,1,1,4,0.0,0.0,0.0,0.56,0.69
James Mcatee,5,20,30,20,1822,3,3,6,3.1,2.9,55,51,110,0.15,0.15,0.3,0.15,0.15
James Mcatee,4,20,1,0,1,0,0,0,0.0,0.0,0,0,0,0.0,0.0,0.0,0.0,0.0
Oliver McBurnie,2,27,21,15,1280,6,3,9,6.9,2.0,6,30,60,0.42,0.21,0.63,0.48,0.14
James McConnell,4,18,3,0,4,0,0,0,0.0,0.0,0,1,0,0.0,0.0,0.0,0.0,0.0
John McGinn,5,28,35,35,2999,6,4,10,5.0,4.6,59,189,84,0.18,0.12,0.3,0.15,0.14
Scott McKenna,0,26,5,5,416,0,0,0,0.2,0.2,1,10,0,0.0,0.0,0.0,0.05,0.04
Weston McKennie,1,24,34,29,2594,0,7,7,3.0,3.9,64,92,176,0.0,0.24,0.24,0.1,0.13
Dwight McNeil,5,23,35,33,2892,3,6,9,3.4,8.8,80,114,147,0.09,0.19,0.28,0.11,0.27
Scott McTominay,5,26,32,18,1901,7,1,8,5.7,0.8,29,64,47,0.33,0.05,0.38,0.27,0.04
Facundo Medina,0,24,31,30,2714,1,3,4,1.1,1.8,51,219,20,0.03,0.1,0.13,0.04,0.06
Ben Mee,0,33,16,15,1272,2,0,2,1.5,0.3,11,49,9,0.14,0.0,0.14,0.1,0.02
Marvin Mehlem,4,25,20,19,1482,3,2,5,3.8,1.1,27,46,73,0.18,0.12,0.3,0.23,0.07
Bamo Meïté,0,21,16,6,638,0,0,0,0.1,0.0,11,29,5,0.0,0.0,0.0,0.01,0.0
Bamo Meïté,0,21,2,2,146,0,0,0,0.0,0.0,0,1,0,0.0,0.0,0.0,0.0,0.0
Hannibal Mejbri,5,20,5,1,133,1,0,1,0.0,0.4,2,6,10,0.68,0.0,0.68,0.02,0.25
Hannibal Mejbri,4,20,6,1,104,0,0,0,0.0,0.5,1,5,6,0.0,0.0,0.0,0.01,0.39
Óscar Melendo,5,25,26,15,1122,0,0,0,0.4,0.5,21,38,33,0.0,0.0,0.0,0.04,0.04
Gonzalo Melero,5,29,28,10,1103,1,1,2,2.0,1.2,23,49,33,0.08,0.08,0.16,0.16,0.1
Birger Meling,0,28,1,0,16,0,0,0,0.2,0.0,0,0,0,0.0,0.0,0.0,0.8,0.0
Arthur Melo,4,26,33,23,1986,2,3,5,1.0,1.7,21,133,27,0.09,0.14,0.23,0.05,0.08
Memphis,2,29,23,9,893,5,1,6,5.8,1.8,16,27,82,0.5,0.1,0.6,0.58,0.18
Houboulang Mendes,0,25,7,4,396,0,0,0,0.0,0.0,5,9,6,0.0,0.0,0.0,0.0,0.01
Nuno Mendes,0,21,6,2,267,1,1,2,0.3,0.4,12,21,25,0.34,0.34,0.67,0.11,0.14
Tomás Mendes,4,18,1,0,6,0,0,0,0.0,0.0,0,0,0,0.0,0.0,0.0,0.0,0.0
Brais Méndez,5,26,32,27,2413,5,6,11,4.2,4.2,45,128,121,0.19,0.22,0.41,0.16,0.16
Bruno Méndez,0,23,17,15,1333,2,0,2,0.6,0.1,8,47,14,0.14,0.0,0.14,0.04,0.01
Diego Méndez,4,19,1,0,5,0,0,0,0.0,0.0,1,1,0,0.0,0.0,0.0,0.0,0.0
Leonardo Mendicino,4,17,1,0,1,0,0,0,0.0,0.0,0,0,0,0.0,0.0,0.0,0.0,0.0
Antoine Mendy,0,19,10,4,418,0,0,0,0.1,0.4,3,12,6,0.0,0.0,0.0,0.02,0.08
Benjamin Mendy,0,29,15,7,711,2,1,3,1.1,1.9,26,34,85,0.25,0.13,0.38,0.14,0.24
Ferland Mendy,0,28,23,21,1720,0,0,0,0.2,0.9,19,84,96,0.0,0.0,0.0,0.01,0.05
Formose Mendy,0,22,18,13,1256,0,0,0,0.3,0.1,14,61,13,0.0,0.0,0.0,0.02,0.0
Nampalys Mendy,4,31,16,13,1052,0,1,1,0.2,1.1,21,84,13,0.0,0.09,0.09,0.02,0.09
Teden Mengi,0,21,30,28,2469,1,0,1,0.6,0.3,15,54,1,0.04,0.0,0.04,0.02,0.01
Chris Mepham,0,25,10,6,617,0,1,1,0.1,0.4,4,25,1,0.0,0.15,0.15,0.01,0.06
Jorge Meré,0,26,10,8,673,0,0,0,0.2,0.0,2,15,0,0.0,0.0,0.0,0.02,0.0
Alex Meret,3,26,31,31,2773,0,0,0,0.0,0.1,0,0,0,0.0,0.0,0.0,0.0,0.0
Mikel Merino,4,27,32,27,2482,5,3,8,3.3,1.9,26,163,99,0.18,0.11,0.29,0.12,0.07
Quentin Merlin,0,21,10,8,703,0,1,1,0.1,1.1,15,46,56,0.0,0.13,0.13,0.02,0.15
Quentin Merlin,0,21,16,15,1283,0,1,1,0.7,1.3,34,98,62,0.0,0.07,0.07,0.05,0.09
Junior Messias,1,32,18,13,1053,1,0,1,1.6,1.3,35,29,75,0.09,0.0,0.09,0.14,0.11
Thomas Meunier,0,31,8,7,586,0,0,0,0.5,0.6,21,33,25,0.0,0.0,0.0,0.08,0.1
Bastien Meupiyou,0,17,1,1,8,0,0,0,0.0,0.0,0,0,0,0.0,0.0,0.0,0.0,0.0
Alexander Meyer,3,32,8,7,695,0,0,0,0.0,0.0,0,1,0,0.0,0.0,0.0,0.0,0.0
Omenuke Mfulu,5,29,5,1,82,0,0,0,0.0,0.0,1,1,0,0.0,0.0,0.0,0.0,0.0
Lucas Michal,2,18,1,0,7,0,0,0,0.0,0.0,1,0,0,0.0,0.0,0.0,0.0,0.0
Sven Michel,5,33,22,5,583,2,1,3,2.4,0.8,6,14,44,0.31,0.15,0.46,0.37,0.13
Miguel,5,23,3,1,65,0,0,0,0.1,0.0,1,0,3,0.0,0.0,0.0,0.13,0.0
Georges Mikautadze,2,22,20,20,1747,13,4,17,9.5,2.4,52,51,95,0.67,0.21,0.88,0.49,0.12
Nikola Milenković,0,25,34,27,2510,0,0,0,0.4,0.7,8,81,10,0.0,0.0,0.0,0.01,0.03
Lewis Miley,4,17,17,14,1202,1,3,4,1.2,1.7,14,53,54,0.07,0.22,0.3,0.09,0.13
Arkadiusz Milik,2,29,32,7,919,4,1,5,5.1,2.6,12,22,49,0.39,0.1,0.49,0.5,0.26
Vanja Milinković-Savić,3,26,36,36,3240,0,0,0,0.0,0.0,0,0,0,0.0,0.0,0.0,0.0,0.0
Éder Militão,0,25,10,6,496,0,0,0,0.1,0.0,7,15,2,0.0,0.0,0.0,0.02,0.0
Luis Milla,4,28,27,25,2115,0,1,1,0.6,1.7,31,121,35,0.0,0.04,0.04,0.03,0.07
Enzo Millot,5,21,31,27,2241,5,4,9,5.3,3.9,46,127,167,0.2,0.16,0.36,0.21,0.16
James Milner,1,37,15,11,773,0,2,2,0.3,1.8,11,69,73,0.0,0.23,0.23,0.03,0.21
Jovan Milošević,5,18,5,0,28,0,0,0,0.0,0.0,1,1,3,0.0,0.0,0.0,0.0,0.0
Marko Milovanović,5,19,11,2,308,1,0,1,1.5,0.1,2,3,13,0.29,0.0,0.29,0.45,0.03
Kim Min-jae,0,26,25,22,1970,1,1,2,0.8,0.4,14,131,3,0.05,0.05,0.09,0.04,0.02
Yerry Mina,1,28,4,0,44,0,0,0,0.1,0.0,0,2,1,0.0,0.0,0.0,0.12,0.0
Yerry Mina,0,28,14,14,1215,2,0,2,1.3,0.0,4,23,3,0.15,0.0,0.15,0.1,0.0
Takumi Minamino,4,28,30,25,2117,9,6,15,5.9,4.9,48,97,198,0.38,0.26,0.64,0.25,0.21
Lucas Mincarelli,1,19,13,12,978,1,1,2,0.4,0.6,24,26,40,0.09,0.09,0.18,0.03,0.05
Tyrone Mings,0,30,1,1,30,0,0,0,0.0,0.0,0,0,0,0.0,0.0,0.0,0.02,0.07
Óscar Mingueza,1,24,38,33,2998,2,2,4,2.6,3.9,74,170,134,0.06,0.06,0.12,0.08,0.12
Ignasi Miquel,0,30,34,33,2992,1,1,2,1.4,1.2,8,83,8,0.03,0.03,0.06,0.04,0.04
Rafa Mir,5,26,15,3,391,2,0,2,1.4,0.3,3,2,16,0.46,0.0,0.46,0.33,0.07
Ignacio Miramon,4,20,2,1,39,0,0,0,0.1,0.0,1,3,0,0.0,0.0,0.0,0.12,0.0
Aleksei Miranchuk,5,27,27,12,1176,3,5,8,5.4,4.1,41,75,122,0.23,0.38,0.61,0.41,0.31
Juan Miranda,0,23,25,21,1858,1,1,2,1.6,1.9,35,103,95,0.05,0.05,0.1,0.08,0.09
Kevin Miranda,0,20,1,0,14,0,0,0,0.0,0.0,0,0,0,0.0,0.0,0.0,0.0,0.0
Antonio Mirante,3,40,2,2,177,0,0,0,0.0,0.0,0,0,0,0.0,0.0,0.0,0.0,0.0
Fabio Miretti,4,19,25,16,1103,1,1,2,1.2,1.1,22,43,62,0.08,0.08,0.16,0.1,0.09
Filippo Missori,0,19,8,2,266,0,0,0,0.3,0.0,5,8,7,0.0,0.0,0.0,0.1,0.02
Tyrick Mitchell,1,23,37,37,3204,2,3,5,1.6,2.8,32,94,159,0.06,0.08,0.14,0.04,0.08
Kaoru Mitoma,2,26,19,15,1486,3,4,7,3.5,2.7,121,64,239,0.18,0.24,0.42,0.21,0.16
Aleksandar Mitrović,2,28,1,0,33,0,0,0,0.2,0.0,0,1,0,0.0,0.0,0.0,0.44,0.0
Stefan Mitrović,5,20,10,4,391,0,0,0,0.4,0.1,13,15,24,0.0,0.0,0.0,0.1,0.02
Stefan Mitrović,0,33,11,9,699,1,0,1,0.1,0.3,4,19,2,0.13,0.0,0.13,0.01,0.04
Maximilian Mittelstädt,0,26,31,23,2103,2,4,6,0.9,4.2,70,123,129,0.09,0.17,0.26,0.04,0.18
Henrikh Mkhitaryan,4,34,36,35,2785,2,8,10,3.6,4.5,92,192,127,0.06,0.26,0.32,0.12,0.15
Marko Mladenović,4,18,1,0,6,0,0,0,0.0,0.0,0,0,1,0.0,0.0,0.0,0.0,0.0
Jakub Moder,1,24,17,6,618,0,0,0,0.6,0.8,10,23,26,0.0,0.0,0.0,0.08,0.11
Luka Modrić,4,37,32,18,1688,2,6,8,1.3,5.5,53,196,85,0.11,0.32,0.43,0.07,0.3
Terem Moffi,2,24,30,23,1949,11,2,13,10.7,3.2,24,27,123,0.51,0.09,0.6,0.49,0.15
Mostafa Mohamed,2,25,29,24,2002,8,2,10,7.8,2.4,23,25,115,0.36,0.09,0.45,0.35,0.11
Dion Moise Sahi,5,21,18,7,628,3,1,4,4.1,1.3,13,21,42,0.43,0.14,0.57,0.58,0.19
Johan Mojica,0,30,30,22,2041,0,3,3,1.0,2.6,57,82,117,0.0,0.13,0.13,0.04,0.11
Alberto Moleiro,5,19,28,21,1803,3,3,6,2.0,2.7,86,87,184,0.15,0.15,0.3,0.1,0.13
Nahuel Molina,0,25,30,19,1852,2,3,5,1.3,2.9,47,68,170,0.1,0.15,0.24,0.06,0.14
Florent Mollet,5,31,29,24,2083,4,4,8,5.9,2.5,27,96,145,0.17,0.17,0.35,0.25,0.11
Jon Moncayola,4,25,33,21,1800,1,3,4,0.6,2.3,14,99,46,0.05,0.15,0.2,0.03,0.11
Enzo Mongo,0,18,1,0,10,0,0,0,0.0,0.0,0,0,0,0.0,0.0,0.0,0.0,0.0
Ilario Monterisi,0,21,24,16,1469,2,2,4,1.1,0.4,4,47,18,0.12,0.12,0.25,0.07,0.02
César Montes,0,26,21,21,1788,0,0,0,0.7,0.2,7,52,2,0.0,0.0,0.0,0.04,0.01
Gonzalo Montiel,0,26,14,8,801,0,2,2,0.1,1.4,10,28,32,0.0,0.22,0.22,0.01,0.15
Lorenzo Montipò,3,27,37,37,3330,0,1,1,0.0,0.0,0,0,0,0.0,0.03,0.03,0.0,0.0
Kieffer Moore,5,30,8,0,108,1,0,1,1.5,0.2,2,4,15,0.83,0.0,0.83,1.23,0.2
Mikey Moore,4,15,2,0,4,0,0,0,0.0,0.0,2,1,2,0.0,0.0,0.0,0.0,0.0
Álvaro Morata,2,30,32,21,1904,15,3,18,13.8,1.7,22,20,88,0.71,0.14,0.85,0.65,0.08
Diego Moreira,5,18,7,4,270,0,0,0,0.7,0.3,10,12,23,0.0,0.0,0.0,0.24,0.11
Alberto Moreno,0,31,27,17,1484,2,2,4,0.7,1.6,26,55,79,0.12,0.12,0.24,0.04,0.1
Álex Moreno,0,30,21,11,1031,2,0,2,1.1,1.1,32,24,83,0.17,0.0,0.17,0.1,0.1
Gerard Moreno,2,31,30,28,2215,10,6,16,9.7,5.3,48,155,199,0.41,0.24,0.65,0.39,0.22
Jorge Moreno,0,22,1,0,15,0,0,0,0.0,0.0,0,0,0,0.0,0.0,0.0,0.0,0.0
Mateu Morey,0,23,3,2,110,0,0,0,0.0,0.1,3,6,4,0.0,0.0,0.0,0.03,0.06
Ilaix Moriba,5,20,14,8,605,0,2,2,0.3,0.6,8,21,19,0.0,0.3,0.3,0.05,0.09
Manu Morlanes,4,24,35,16,1615,0,2,2,1.0,2.0,29,104,31,0.0,0.11,0.11,0.06,0.11
Nikola Moro,4,25,23,10,840,1,0,1,0.7,0.4,21,58,38,0.11,0.0,0.11,0.08,0.04
Carlton Morris,5,27,38,32,2862,11,4,15,11.4,2.8,37,56,120,0.35,0.13,0.47,0.36,0.09
Cristhian Mosquera,0,19,36,33,3075,0,0,0,0.7,0.0,14,77,4,0.0,0.0,0.0,0.02,0.0
Yerson Mosquera,0,22,16,14,1229,2,1,3,1.6,0.3,8,36,12,0.15,0.07,0.22,0.11,0.02
Dany Mota,5,25,34,24,2049,4,3,7,3.6,3.0,112,57,152,0.18,0.13,0.31,0.16,0.13
Lebo Mothiba,2,27,15,5,617,3,0,3,4.6,0.2,8,9,27,0.44,0.0,0.44,0.67,0.02
Youssoufa Moukoko,2,18,20,4,625,5,0,5,3.9,0.3,16,15,27,0.72,0.0,0.72,0.56,0.05
Steve Mounié,2,28,32,20,1769,6,2,8,8.9,2.1,22,25,111,0.31,0.1,0.41,0.45,0.11
Mason Mount,5,24,14,5,516,1,0,1,0.4,0.3,9,21,34,0.17,0.0,0.17,0.07,0.06
Samuel Moutoussamy,4,26,26,11,1107,1,0,1,1.8,0.6,20,59,33,0.08,0.0,0.08,0.14,0.05
Loris Mouyokolo,0,22,1,1,90,0,0,0,0.0,0.0,1,0,0,0.0,0.0,0.0,0.0,0.0
Divin Mubama,2,18,5,0,80,0,0,0,0.1,0.0,0,0,5,0.0,0.0,0.0,0.17,0.0
Mykhailo Mudryk,2,22,31,18,1576,5,2,7,4.4,4.1,92,45,139,0.29,0.11,0.4,0.25,0.23
François Mughe,1,19,5,2,177,0,0,0,0.1,0.1,7,7,16,0.0,0.0,0.0,0.05,0.05
Nordi Mukiele,0,25,16,9,796,0,0,0,1.3,0.1,12,32,26,0.0,0.0,0.0,0.15,0.01
Samuele Mulattieri,5,22,27,1,462,0,0,0,1.6,0.3,8,1,38,0.0,0.0,0.0,0.31,0.05
Andreas Müller,4,23,11,2,349,0,0,0,0.1,0.0,3,13,7,0.0,0.0,0.0,0.03,0.01
Jannik Müller,1,29,16,12,1134,0,0,0,0.2,0.1,8,31,7,0.0,0.0,0.0,0.02,0.01
Kevin Müller,3,32,34,34,3060,0,0,0,0.0,0.0,0,0,0,0.0,0.0,0.0,0.0,0.0
Marcus Müller,4,20,1,0,18,0,0,0,0.1,0.0,0,1,0,0.0,0.0,0.0,0.26,0.0
Thomas Müller,5,33,31,20,1654,5,9,14,5.7,8.4,38,82,188,0.27,0.49,0.76,0.31,0.46
Abdul Mumin,0,25,20,19,1694,1,0,1,0.4,0.3,6,38,4,0.05,0.0,0.05,0.02,0.01
Marshall Munetsi,4,27,27,25,2173,4,3,7,6.2,1.0,19,67,81,0.17,0.12,0.29,0.26,0.04
Iker Muniain,5,30,20,5,594,2,0,2,1.7,0.4,18,43,50,0.3,0.0,0.3,0.26,0.06
Rodrigo Muniz,2,22,26,18,1593,9,1,10,8.7,2.0,8,19,76,0.51,0.06,0.56,0.49,0.12
Aihen Muñoz,0,25,21,11,1127,0,2,2,0.3,2.0,24,39,23,0.0,0.16,0.16,0.02,0.16
Álvaro Muñoz,2,19,1,0,1,0,0,0,0.0,0.0,0,0,0,0.0,0.0,0.0,0.0,0.0
Daniel Muñoz,1,27,16,16,1439,0,4,4,1.2,2.4,25,38,80,0.0,0.25,0.25,0.08,0.15
Iker Muñoz,4,20,28,20,1854,4,0,4,1.1,0.2,17,80,23,0.19,0.0,0.19,0.05,0.01
Javier Muñoz,4,28,37,30,2640,2,3,5,2.5,1.4,33,122,126,0.07,0.1,0.17,0.09,0.05
Finley Munroe,4,18,1,0,4,0,0,0,0.0,0.0,0,0,0,0.0,0.0,0.0,0.0,0.0
Arijanet Muric,3,24,10,10,900,0,0,0,0.0,0.2,0,1,0,0.0,0.0,0.0,0.0,0.02
Luis Muriel,5,32,18,2,409,2,1,3,1.5,1.7,19,24,57,0.44,0.22,0.66,0.34,0.38
Murillo,0,21,32,32,2789,0,2,2,1.8,1.2,22,89,7,0.0,0.06,0.06,0.06,0.04
Vedat Muriqi,2,29,29,25,2327,7,2,9,10.4,2.6,20,40,134,0.27,0.08,0.35,0.4,0.1
Yunus Musah,5,20,30,13,1478,0,2,2,0.6,1.2,48,64,77,0.0,0.12,0.12,0.04,0.08
Jamal Musiala,5,20,24,20,1755,10,5,15,7.9,6.0,103,100,163,0.51,0.26,0.77,0.4,0.31
Florent Muslija,5,25,10,0,105,0,0,0,0.1,0.6,6,13,7,0.0,0.0,0.0,0.06,0.48
Juan Musso,3,29,11,11,990,0,0,0,0.0,0.0,0,0,0,0.0,0.0,0.0,0.0,0.0
Kingstone Mutandwa,5,20,5,0,39,1,0,1,0.1,0.0,1,0,2,2.31,0.0,2.31,0.17,0.0
Yvon Mvogo,3,29,34,34,3060,0,0,0,0.0,0.0,0,0,0,0.0,0.0,0.0,0.0,0.0
Junior Mwanga,5,20,22,17,1450,1,1,2,1.4,0.8,28,56,37,0.06,0.06,0.12,0.09,0.05
Phillipp Mwene,0,29,23,23,1996,1,2,3,1.4,2.0,50,73,93,0.05,0.09,0.14,0.06,0.09
Vitaliy Mykolenko,0,24,28,28,2469,2,0,2,1.5,0.9,14,55,68,0.07,0.0,0.07,0.06,0.03
Joakim Mæhle,1,26,30,27,2452,2,3,5,1.4,2.7,84,119,137,0.07,0.11,0.18,0.05,0.1
Obite N'Dicka,0,23,25,25,2168,0,3,3,1.0,1.0,26,87,11,0.0,0.12,0.12,0.04,0.04
Kévin N'Doram,4,27,23,18,1604,0,2,2,0.3,0.5,12,62,3,0.0,0.11,0.11,0.02,0.03
Nathan N'Goumou,5,23,32,14,1385,5,2,7,3.8,1.7,52,47,150,0.32,0.13,0.45,0.24,0.11
Stanley N'Soki,0,24,11,7,631,0,0,0,0.0,0.1,7,37,14,0.0,0.0,0.0,0.0,0.02
Nacho,0,33,29,18,1746,0,1,1,0.5,1.2,13,55,9,0.0,0.05,0.05,0.03,0.06
Bilal Nadir,5,19,5,1,113,0,0,0,0.1,0.1,3,4,7,0.0,0.0,0.0,0.08,0.09
Mahamadou Nagida,0,18,3,1,106,0,0,0,0.1,0.3,5,2,11,0.0,0.0,0.0,0.1,0.24
Marvelous Nakamba,4,29,13,13,1130,0,0,0,0.2,0.4,1,36,5,0.0,0.0,0.0,0.01,0.03
Keito Nakamura,5,23,25,17,1381,4,1,5,3.2,1.3,48,56,141,0.26,0.07,0.33,0.21,0.09
Nahitan Nández,1,27,33,29,2341,2,3,5,3.7,2.5,57,76,89,0.08,0.12,0.19,0.14,0.1
Matija Nastasić,0,30,26,25,2258,2,0,2,1.0,0.6,11,64,4,0.08,0.0,0.08,0.04,0.02
Natan,0,22,14,11,952,0,0,0,0.4,0.1,15,34,11,0.0,0.0,0.0,0.04,0.01
Lapo Nava,3,19,1,0,3,0,0,0,0.0,0.0,0,0,0,0.0,0.0,0.0,0.0,0.0
Roberto Navarro,5,21,28,24,1888,1,1,2,2.1,3.1,81,70,119,0.05,0.05,0.1,0.1,0.15
Jesús Navas,0,37,29,25,2003,0,2,2,0.1,1.9,54,103,141,0.0,0.09,0.09,0.01,0.09
Keylor Navas,3,36,4,4,360,0,0,0,0.0,0.0,0,0,0,0.0,0.0,0.0,0.0,0.0
Michel Ndary Adopo,4,23,10,0,109,0,1,1,0.1,0.1,3,9,16,0.0,0.83,0.83,0.06,0.06
Youssouf Ndayishimiye,1,24,23,20,1712,0,0,0,1.2,0.5,16,96,13,0.0,0.0,0.0,0.06,0.03
Bassirou Ndiaye,2,21,5,0,152,0,0,0,0.0,0.2,1,1,7,0.0,0.0,0.0,0.0,0.09
Iliman Ndiaye,5,23,30,19,1618,3,3,6,4.5,2.6,51,62,152,0.17,0.17,0.33,0.25,0.15
Massamba Ndiaye,3,21,4,4,360,0,0,0,0.0,0.0,0,1,0,0.0,0.0,0.0,0.0,0.0
Rassoul Ndiaye,5,21,19,6,526,0,0,0,0.2,0.3,7,25,16,0.0,0.0,0.0,0.03,0.05
Michael Ndiweni,2,19,1,0,1,0,0,0,0.0,0.0,0,0,0,0.0,0.0,0.0,0.0,0.0
Cher Ndour,4,19,3,0,28,0,0,0,0.0,0.0,0,2,1,0.0,0.0,0.0,0.0,0.0
Dan Ndoye,5,22,32,20,1771,1,1,2,4.9,1.8,88,36,173,0.05,0.05,0.1,0.25,0.09
Joseph Nduquidi,1,18,13,7,751,0,0,0,0.2,0.1,6,22,4,0.0,0.0,0.0,0.02,0.01
Loïc Nego,1,32,28,18,1561,0,3,3,1.3,1.0,30,64,102,0.0,0.17,0.17,0.08,0.06
Álvaro Negredo,5,37,7,0,54,0,0,0,0.1,0.1,0,0,0,0.0,0.0,0.0,0.16,0.13
Reiss Nelson,2,23,15,1,268,0,0,0,0.2,0.6,9,5,26,0.0,0.0,0.0,0.07,0.2
Zack Nelson,1,18,2,0,7,0,0,0,0.0,0.0,0,0,0,0.0,0.0,0.0,0.0,0.0
Neto,3,34,32,32,2880,0,0,0,0.0,0.0,0,0,0,0.0,0.0,0.0,0.0,0.0
Pedro Neto,5,23,20,18,1516,2,9,11,3.5,4.4,98,54,149,0.12,0.53,0.65,0.21,0.26
Luca Netz,0,20,30,25,2225,0,4,4,1.0,3.0,46,81,99,0.0,0.16,0.16,0.04,0.12
Manuel Neuer,3,37,23,23,2053,0,0,0,0.0,0.0,0,8,0,0.0,0.0,0.0,0.0,0.0
Florian Neuhaus,4,26,25,15,1224,4,2,6,4.3,1.8,30,74,43,0.29,0.15,0.44,0.32,0.13
Carlos Neva,0,27,36,36,3146,0,2,2,0.1,3.2,43,111,98,0.0,0.06,0.06,0.0,0.09
Jessic Ngankam,5,23,7,2,184,0,0,0,0.6,0.3,3,1,11,0.0,0.0,0.0,0.29,0.14
Jessic Ngankam,2,23,15,2,280,0,0,0,1.5,0.0,2,1,17,0.0,0.0,0.0,0.48,0.01
Cyril Ngonge,5,23,19,17,1431,6,2,8,4.2,1.7,53,44,117,0.38,0.13,0.5,0.27,0.11
Cyril Ngonge,2,23,13,1,315,1,0,1,1.0,0.8,18,11,43,0.29,0.0,0.29,0.29,0.22
Steve Ngoura,5,18,12,1,223,0,1,1,0.5,0.1,3,9,19,0.0,0.4,0.4,0.19,0.03
Moussa Niakhate,0,27,21,15,1460,1,0,1,1.1,0.1,13,39,6,0.06,0.0,0.06,0.07,0.01
M'Baye Niang,2,28,14,5,708,6,1,7,5.4,0.9,13,11,43,0.76,0.13,0.89,0.68,0.12
Tanguy Nianzou,0,21,8,3,318,0,0,0,0.0,0.0,2,14,1,0.0,0.0,0.0,0.01,0.0
Shamar Nicholson,2,26,26,17,1484,4,3,7,5.9,1.1,18,33,110,0.24,0.18,0.42,0.36,0.07
Rasmus Nicolaisen,0,26,33,33,2925,2,0,2,1.1,0.6,5,95,11,0.06,0.0,0.06,0.03,0.02
Moritz Nicolas,3,25,27,27,2430,0,0,0,0.0,0.0,0,0,0,0.0,0.0,0.0,0.0,0.0
Hans Nicolussi Caviglia,4,23,8,3,268,0,1,1,0.1,0.6,0,14,2,0.0,0.34,0.34,0.04,0.2
Saúl Ñíguez,4,28,34,14,1374,1,4,5,1.5,3.2,21,34,43,0.07,0.26,0.33,0.1,0.21
Justin Njinmah,2,22,24,10,1016,6,2,8,4.9,2.4,36,13,95,0.53,0.18,0.71,0.44,0.21
Eddie Nketiah,2,24,27,10,1082,5,2,7,4.5,0.8,22,20,77,0.42,0.17,0.58,0.38,0.07
Niels Nkounkou,1,22,29,13,1309,3,2,5,1.3,2.2,55,61,62,0.21,0.14,0.34,0.09,0.15
Christopher Nkunku,5,25,11,2,443,3,0,3,2.3,0.2,10,19,35,0.61,0.0,0.61,0.47,0.05
Felix Nmecha,4,22,20,10,1021,1,2,3,1.7,0.9,19,45,28,0.09,0.18,0.26,0.15,0.08
Lukas Nmecha,2,24,3,0,42,1,0,1,0.1,0.0,0,1,5,2.14,0.0,2.14,0.31,0.05
Peru Nolaskoain,1,24,2,0,10,0,0,0,0.0,0.0,0,0,0,0.0,0.0,0.0,0.0,0.0
Joseph Nonge,4,18,2,0,24,0,0,0,0.0,0.0,1,2,2,0.0,0.0,0.0,0.0,0.0
Jonathan Norbye,4,16,1,0,1,0,0,0,0.0,0.0,0,0,0,0.0,0.0,0.0,0.0,0.0
Arnaud Nordin,5,25,20,15,1246,5,3,8,3.6,3.0,56,52,125,0.36,0.22,0.58,0.26,0.21
Rhys Norrington-Davies,0,24,5,2,110,0,0,0,0.0,0.0,3,2,6,0.0,0.0,0.0,0.0,0.01
Oliver Norwood,4,32,27,16,1440,1,0,1,1.1,0.6,3,73,10,0.06,0.0,0.06,0.07,0.04
Tijjani Noslin,5,24,17,17,1339,5,4,9,3.6,2.2,29,26,94,0.34,0.27,0.6,0.24,0.14
Randy Nteka,5,25,16,3,572,1,1,2,2.3,0.9,12,15,35,0.16,0.16,0.31,0.37,0.15
Ernest Nuamah,5,19,29,21,1838,3,2,5,4.0,3.8,105,74,237,0.15,0.1,0.24,0.2,0.19
Alexander Nübel,3,26,30,30,2700,0,0,0,0.0,0.0,0,1,0,0.0,0.0,0.0,0.0,0.0
Kasim Nuhu,0,28,1,0,5,0,0,0,0.0,0.0,0,0,0,0.0,0.0,0.0,0.0,0.0
Matheus Nunes,4,24,2,2,179,0,0,0,0.1,0.1,7,8,9,0.0,0.0,0.0,0.04,0.05
Matheus Nunes,4,24,17,7,661,0,2,2,0.8,1.1,28,34,58,0.0,0.27,0.27,0.11,0.15
Darwin Núñez,2,24,36,22,2047,11,8,19,16.3,6.0,58,54,206,0.48,0.35,0.84,0.72,0.27
Unai Núñez,0,26,34,31,2801,1,0,1,1.4,0.8,10,106,2,0.03,0.0,0.03,0.05,0.02
Fabian Nürnberger,1,24,21,17,1513,1,1,2,0.9,2.0,35,70,91,0.06,0.06,0.12,0.05,0.12
Ethan Nwaneri,2,16,1,0,14,0,0,0,0.0,0.0,2,2,1,0.0,0.0,0.0,0.0,0.15
Simeon Nwankwo,2,31,15,6,686,3,0,3,2.7,0.6,6,7,39,0.39,0.0,0.39,0.35,0.07
Gerzino Nyamsi,0,26,13,13,1092,0,0,0,0.3,0.2,3,25,3,0.0,0.0,0.0,0.03,0.01
Ørjan Nyland,3,32,24,24,2160,0,0,0,0.0,0.4,0,0,1,0.0,0.0,0.0,0.0,0.02
Rabby Nzingoula,5,17,6,1,133,0,1,1,0.1,0.1,3,8,6,0.0,0.68,0.68,0.06,0.07
M'Bala Nzola,2,26,33,15,1552,3,3,6,4.5,1.6,21,29,143,0.17,0.17,0.35,0.26,0.09
Christian Nørgaard,4,29,31,30,2505,2,1,3,3.5,1.9,15,161,42,0.07,0.04,0.11,0.12,0.07
Jake O'Brien,0,22,27,27,2369,4,2,6,3.6,1.1,15,68,2,0.15,0.08,0.23,0.14,0.04
Mark O'Mahony,2,18,3,1,63,0,0,0,0.1,0.0,0,0,0,0.0,0.0,0.0,0.08,0.0
Dara O'Shea,0,24,33,32,2892,3,4,7,0.7,2.0,32,122,10,0.09,0.12,0.22,0.02,0.06
Michael Obafemi,5,23,2,0,20,0,0,0,0.1,0.0,0,0,3,0.0,0.0,0.0,0.4,0.0
Adam Obert,0,20,17,10,941,0,0,0,0.1,0.9,14,37,5,0.0,0.0,0.0,0.01,0.09
Pedro Obiang,4,31,8,5,453,0,0,0,0.0,0.7,4,21,2,0.0,0.0,0.0,0.01,0.14
Jan Oblak,3,30,38,38,3420,0,0,0,0.0,0.0,0,0,0,0.0,0.0,0.0,0.0,0.0
Brian Ocampo,5,24,13,1,248,1,0,1,0.3,0.1,18,9,25,0.36,0.0,0.36,0.1,0.03
Lucas Ocampos,5,29,35,34,2871,4,3,7,5.4,4.5,117,124,265,0.13,0.09,0.22,0.17,0.14
Guillermo Ochoa,3,38,21,21,1890,0,0,0,0.0,0.0,0,0,0,0.0,0.0,0.0,0.0,0.0
Jens Odgaard,5,24,10,5,431,2,0,2,1.5,0.1,9,9,30,0.42,0.0,0.42,0.31,0.01
Wilson Odobert,5,18,29,25,2098,3,2,5,2.8,3.3,102,58,123,0.13,0.09,0.21,0.12,0.14
Álvaro Odriozola,0,27,9,6,393,0,0,0,0.0,0.2,14,8,12,0.0,0.0,0.0,0.0,0.04
Tim Oermann,0,19,16,8,714,0,0,0,0.1,0.3,6,25,7,0.0,0.0,0.0,0.01,0.04
Odeluga Offiah,0,20,4,1,128,0,0,0,0.0,0.0,9,4,9,0.0,0.0,0.0,0.0,0.0
Chiedozie Ogbene,1,26,30,20,1995,4,1,5,4.2,3.1,127,53,150,0.18,0.05,0.23,0.19,0.14
Angelo Ogbonna,0,35,11,7,635,0,0,0,0.0,0.0,2,4,0,0.0,0.0,0.0,0.01,0.0
Florent Ogier,0,34,14,9,943,1,1,2,0.6,0.5,4,17,0,0.1,0.1,0.19,0.06,0.05
Noah Okafor,5,23,28,6,887,6,2,8,3.8,1.2,29,15,66,0.61,0.2,0.81,0.38,0.12
David Okereke,5,25,9,3,252,0,0,0,0.2,0.1,8,7,23,0.0,0.0,0.0,0.09,0.04
Caleb Okoli,0,22,34,32,2914,0,1,1,0.6,0.8,22,118,4,0.0,0.03,0.03,0.02,0.02
Maduka Okoye,3,23,21,21,1890,0,0,0,0.0,0.0,0,0,0,0.0,0.0,0.0,0.0,0.0
Joseph Okumu,0,26,21,19,1743,1,0,1,1.5,0.0,15,94,3,0.05,0.0,0.05,0.08,0.0
Aingeru Olabarrieta,2,17,1,0,9,0,0,0,0.0,0.0,1,0,0,0.0,0.0,0.0,0.12,0.0
Olasagasti,4,22,14,2,360,0,0,0,0.9,0.3,8,13,12,0.0,0.0,0.0,0.21,0.09
Finn Ole Becker,4,23,22,5,606,0,0,0,0.2,0.4,16,36,23,0.0,0.0,0.0,0.04,0.06
Mathias Olesen,5,22,6,0,112,0,0,0,0.0,0.0,2,7,2,0.0,0.0,0.0,0.02,0.01
Michael Olise,5,21,19,14,1275,10,6,16,5.5,5.8,68,78,134,0.71,0.42,1.13,0.39,0.41
Mathías Olivera,0,25,23,18,1569,1,1,2,0.5,0.9,31,89,93,0.06,0.06,0.11,0.03,0.05
Dani Olmo,4,25,21,17,1449,4,5,9,3.3,5.4,60,68,111,0.25,0.31,0.56,0.21,0.34
Robin Olsen,3,33,5,4,405,0,0,0,0.0,0.0,0,0,0,0.0,0.0,0.0,0.0,0.0
Warmed Omari,0,23,25,23,2071,1,0,1,0.7,0.3,22,123,1,0.04,0.0,0.04,0.03,0.01
Becir Omeragic,1,21,28,26,2312,0,0,0,0.5,0.7,21,71,12,0.0,0.0,0.0,0.02,0.03
Jonas Omlin,3,29,7,7,630,0,1,1,0.0,0.4,0,0,0,0.0,0.14,0.14,0.0,0.05
Andrew Omobamidele,0,21,11,8,783,0,0,0,0.1,0.1,1,8,0,0.0,0.0,0.0,0.02,0.01
Samuel Omorodion,2,19,34,21,1918,8,1,9,10.8,1.3,30,18,100,0.38,0.05,0.42,0.51,0.06
Samuel Omorodion,2,19,1,1,80,1,0,1,0.7,0.0,0,0,3,1.13,0.0,1.13,0.78,0.05
Amadou Onana,4,21,30,23,2091,2,0,2,2.0,2.7,21,107,39,0.09,0.0,0.09,0.09,0.11
André Onana,3,27,38,38,3420,0,0,0,0.0,0.1,1,5,0,0.0,0.0,0.0,0.0,0.0
Jean Onana,4,23,13,5,566,1,0,1,0.8,0.1,9,32,9,0.16,0.0,0.16,0.13,0.01
Ryan One,2,17,1,0,8,0,0,0,0.0,0.0,1,0,0,0.0,0.0,0.0,0.0,0.0
Karim Onisiwo,5,31,24,17,1493,1,3,4,2.3,1.3,26,27,111,0.06,0.18,0.24,0.14,0.08
Tyler Onyango,4,20,1,0,1,0,0,0,0.0,0.0,0,0,0,0.0,0.0,0.0,0.0,0.0
Fred Onyedinma,1,26,8,4,407,0,0,0,0.2,0.1,9,6,21,0.0,0.0,0.0,0.04,0.02
Frank Onyeka,4,25,26,11,1161,1,2,3,2.2,1.8,17,33,39,0.08,0.16,0.23,0.17,0.14
Loïs Openda,2,23,34,33,2697,24,7,31,22.1,5.8,77,45,226,0.8,0.23,1.03,0.74,0.19
Royce Openda Owaga,2,21,1,0,16,0,0,0,0.0,0.0,0,0,1,0.0,0.0,0.0,0.0,0.0
Christopher Operi,0,26,28,28,2445,3,4,7,1.2,4.0,31,82,111,0.11,0.15,0.26,0.04,0.15
Gift Orban,2,21,13,5,474,1,0,1,1.1,0.0,8,6,33,0.19,0.0,0.19,0.21,0.0
Willi Orban,0,30,19,18,1582,0,0,0,0.4,0.4,7,97,10,0.0,0.0,0.0,0.02,0.02
Ivan Ordets,0,31,24,21,1880,1,0,1,1.3,0.5,5,44,7,0.05,0.0,0.05,0.06,0.02
Divock Origi,2,28,20,6,606,0,1,1,1.4,2.1,19,14,41,0.0,0.15,0.15,0.21,0.31
Gaetano Oristanio,5,20,25,11,1104,2,1,3,1.8,1.1,25,26,76,0.16,0.08,0.24,0.14,0.09
Aimar Oroz,4,21,33,26,2339,2,1,3,3.5,1.6,52,103,126,0.08,0.04,0.12,0.14,0.06
Riccardo Orsolini,5,26,33,19,1792,10,2,12,7.4,4.4,51,71,175,0.5,0.1,0.6,0.37,0.22
Stefan Ortega,3,30,9,5,635,0,0,0,0.0,0.0,0,0,0,0.0,0.0,0.0,0.0,0.0
Eneko Ortiz,0,20,1,0,14,0,0,0,0.0,0.0,1,1,1,0.0,0.0,0.0,0.0,0.0
Asier Osambela,4,19,1,0,9,0,0,0,0.0,0.0,0,0,1,0.0,0.0,0.0,0.0,0.0
Ben Osborn,1,28,24,14,1367,0,2,2,0.2,0.9,16,55,44,0.0,0.13,0.13,0.01,0.06
Gabriel Osho,0,24,21,21,1846,2,0,2,1.1,0.1,10,37,4,0.1,0.0,0.1,0.05,0.01
Victor Osimhen,2,24,25,22,1982,15,3,18,15.4,3.1,34,23,142,0.68,0.14,0.82,0.7,0.14
Milutin Osmajić,4,24,1,0,5,0,0,0,0.1,0.0,0,0,0,0.0,0.0,0.0,1.46,0.8
Patrick Osterhage,4,23,24,21,1861,2,1,3,1.4,0.8,26,64,65,0.1,0.05,0.15,0.07,0.04
William Osula,2,19,21,9,786,0,0,0,1.6,0.1,7,2,41,0.0,0.0,0.0,0.19,0.01
Remi Oudin,5,26,31,21,1819,3,2,5,1.8,5.7,19,79,82,0.15,0.1,0.25,0.09,0.28
Alexandre Oukidja,3,35,34,34,2987,0,0,0,0.0,0.0,1,3,0,0.0,0.0,0.0,0.0,0.0
Azzedine Ounahi,4,23,21,15,1209,2,0,2,1.0,1.4,32,98,70,0.15,0.0,0.15,0.07,0.11
Adam Ounas,2,26,17,3,418,1,0,1,0.6,1.9,20,20,40,0.22,0.0,0.22,0.14,0.41
Patrick Ouotro,2,17,1,0,8,0,0,0,0.0,0.0,1,1,0,0.0,0.0,0.0,0.0,0.0
Aiham Ousou,0,23,6,5,430,0,0,0,0.2,0.0,2,7,0,0.0,0.0,0.0,0.04,0.0
Jesús Owono,3,22,4,4,360,0,0,0,0.0,0.0,0,0,0,0.0,0.0,0.0,0.0,0.0
Mikel Oyarzabal,5,26,33,23,2156,9,3,12,9.1,1.7,27,39,126,0.38,0.13,0.5,0.38,0.07
Anthony Oyono,0,22,16,14,1198,0,1,1,0.1,0.9,35,33,39,0.0,0.08,0.08,0.01,0.07
Salih Özcan,4,25,23,13,1184,0,0,0,0.2,1.0,16,57,24,0.0,0.0,0.0,0.01,0.08
Cenk Özkacar,0,22,23,18,1598,0,0,0,0.3,0.1,17,56,5,0.0,0.0,0.0,0.01,0.0
David Ozoh,1,18,9,0,156,0,0,0,0.0,0.0,2,4,3,0.0,0.0,0.0,0.0,0.0
Jon Pacheco,0,22,23,16,1526,1,1,2,1.1,0.2,9,53,1,0.06,0.06,0.12,0.06,0.01
Willian Pacho,0,21,33,33,2970,0,3,3,1.2,1.1,22,148,4,0.0,0.09,0.09,0.04,0.03
Gonçalo Paciência,5,28,19,6,650,3,1,4,3.0,1.3,9,21,50,0.42,0.14,0.55,0.41,0.18
Simone Pafundi,4,17,1,0,8,0,0,0,0.0,0.0,0,1,1,0.0,0.0,0.0,0.0,0.0
Riccardo Pagano,1,18,4,0,51,0,0,0,0.1,0.0,1,3,2,0.0,0.0,0.0,0.1,0.09
Pablo Pagis,4,20,3,3,165,0,0,0,0.1,0.0,1,5,6,0.0,0.0,0.0,0.07,0.0
Exequiel Palacios,4,24,24,21,1831,4,4,8,3.3,3.8,24,162,45,0.2,0.2,0.39,0.16,0.19
Isaac Palazón Camacho,5,28,37,34,2791,4,1,5,5.9,1.9,40,128,152,0.13,0.03,0.16,0.19,0.06
João Palhinha,4,28,33,31,2699,4,1,5,3.3,0.8,8,97,14,0.13,0.03,0.17,0.11,0.03
Nicolas Pallois,0,35,23,17,1589,0,1,1,0.1,0.4,6,55,2,0.0,0.06,0.06,0.01,0.02
Cole Palmer,5,21,33,29,2607,22,11,33,18.2,11.1,117,197,195,0.76,0.38,1.14,0.63,0.38
Cole Palmer,4,21,1,0,11,0,0,0,0.0,0.0,0,0,0,0.0,0.0,0.0,0.0,0.0
Emerson Palmieri,0,28,36,35,3137,1,2,3,1.5,2.4,59,125,124,0.03,0.06,0.09,0.04,0.07
Joaquín Panichelli,5,20,8,2,226,0,0,0,0.6,0.1,3,6,10,0.0,0.0,0.0,0.22,0.04
Miloš Pantović,4,27,1,0,15,1,0,1,0.8,0.0,1,0,1,6.0,0.0,6.0,4.55,0.0
Antonios Papadopoulos,0,23,2,1,117,0,0,0,0.0,0.0,0,1,0,0.0,0.0,0.0,0.0,0.0
Christos Papadopoulos,2,18,1,0,4,0,0,0,0.0,0.0,0,0,0,0.0,0.0,0.0,0.0,0.0
Sokratis Papastathopoulos,0,35,15,12,1136,0,0,0,0.3,0.0,1,13,1,0.0,0.0,0.0,0.02,0.0
Matondo-Merveille Papela,1,22,11,3,257,0,0,0,0.3,0.3,6,12,10,0.0,0.0,0.0,0.11,0.11
Leart Paqarada,0,28,17,11,1075,0,0,0,0.4,1.7,26,45,29,0.0,0.0,0.0,0.03,0.14
Lucas Paquetá,5,25,31,31,2622,4,6,10,5.4,5.4,34,187,116,0.14,0.21,0.34,0.18,0.18
Victor Parada,5,21,2,0,3,0,0,0,0.0,0.0,0,0,0,0.0,0.0,0.0,0.0,0.0
Aitor Paredes,0,23,34,31,2704,1,0,1,1.2,0.2,6,107,1,0.03,0.0,0.03,0.04,0.01
Kevin Paredes,5,20,28,15,1432,3,0,3,3.0,1.4,34,50,112,0.19,0.0,0.19,0.19,0.09
Leandro Paredes,4,29,34,32,2634,3,5,8,3.3,2.3,36,214,19,0.1,0.17,0.27,0.11,0.08
Daniel Parejo,4,34,33,29,2580,3,5,8,2.9,3.0,11,210,28,0.1,0.17,0.28,0.1,0.1
Fabiano Parisi,0,22,21,16,1454,0,1,1,0.9,2.4,50,78,64,0.0,0.06,0.06,0.06,0.15
Ben Parkinson,2,18,1,0,25,0,0,0,0.0,0.0,0,0,0,0.0,0.0,0.0,0.0,0.0
Thomas Partey,1,30,14,9,788,0,0,0,0.4,0.3,15,72,10,0.0,0.0,0.0,0.05,0.03
Mario Pašalić,4,28,34,23,2051,6,6,12,7.1,4.1,48,129,74,0.26,0.26,0.53,0.31,0.18
Triantafyllos Pasaridīs,0,27,8,5,452,0,0,0,0.0,0.0,1,17,0,0.0,0.0,0.0,0.0,0.01
Pascu,2,20,1,0,14,0,0,0,0.0,0.0,0,2,1,0.0,0.0,0.0,0.0,0.0
Felix Passlack,0,25,15,13,960,2,2,4,0.9,1.2,10,27,42,0.19,0.19,0.37,0.08,0.11
Patric,0,30,20,19,1608,2,0,2,1.4,0.2,3,72,12,0.11,0.0,0.11,0.08,0.01
Rui Patrício,3,35,23,23,2070,0,0,0,0.0,0.0,0,0,0,0.0,0.0,0.0,0.0,0.0
Nathan Patterson,0,21,20,9,1005,0,2,2,0.3,1.7,17,38,39,0.0,0.18,0.18,0.03,0.15
Gabriel Paulista,0,32,5,5,405,0,0,0,0.2,0.1,1,7,0,0.0,0.0,0.0,0.04,0.02
Gabriel Paulista,0,32,18,16,1398,0,0,0,0.4,0.2,2,33,2,0.0,0.0,0.0,0.02,0.01
Benjamin Pavard,0,27,23,21,1672,0,2,2,0.7,1.4,25,89,47,0.0,0.11,0.11,0.04,0.07
Jiří Pavlenka,3,31,7,7,630,0,0,0,0.0,0.0,0,0,0,0.0,0.0,0.0,0.0,0.0
Aleksandar Pavlovic,4,19,19,14,1227,2,2,4,1.2,1.0,14,105,14,0.15,0.15,0.29,0.09,0.07
Leonardo Pavoletti,2,34,19,5,628,4,1,5,2.6,0.3,1,16,40,0.57,0.14,0.72,0.37,0.04
Martín Payero,4,24,29,21,1796,2,2,4,1.5,1.1,47,71,64,0.1,0.1,0.2,0.08,0.06
Nicolás Paz,5,18,4,0,23,0,0,0,0.1,0.0,3,6,2,0.0,0.0,0.0,0.31,0.0
Myles Peart-Harris,1,20,3,0,13,0,0,0,0.0,0.0,2,1,1,0.0,0.0,0.0,0.0,0.12
Sydie Peck,4,18,1,0,10,0,0,0,0.0,0.0,0,0,0,0.0,0.0,0.0,0.0,0.0
Mads Pedersen,0,26,27,19,1786,1,1,2,0.8,1.5,56,66,79,0.05,0.05,0.1,0.04,0.07
Marcus Pedersen,0,23,28,16,1613,0,2,2,0.1,1.1,43,31,90,0.0,0.11,0.11,0.01,0.06
Alfonso Pedraza,0,27,19,14,1116,1,3,4,0.6,3.6,56,31,97,0.08,0.24,0.32,0.05,0.29
Pedri,5,20,24,16,1476,4,2,6,3.1,4.2,41,136,81,0.24,0.12,0.37,0.19,0.25
Pedro,5,36,33,5,816,1,1,2,1.5,2.1,31,33,81,0.11,0.11,0.22,0.17,0.23
Adrià Pedrosa,0,25,31,15,1753,1,4,5,0.7,3.2,46,61,109,0.05,0.21,0.26,0.04,0.16
Jordan Pefok,2,27,25,18,1420,5,3,8,6.5,2.5,5,22,73,0.32,0.19,0.51,0.41,0.16
Jordan Pefok,2,27,1,0,27,0,0,0,0.0,0.1,0,0,1,0.0,0.0,0.0,0.0,0.4
Dženan Pejčinović,2,18,4,0,37,0,0,0,0.1,0.1,1,0,2,0.0,0.0,0.0,0.29,0.34
Pietro Pellegri,2,22,24,7,756,1,1,2,1.0,0.3,14,8,52,0.12,0.12,0.24,0.12,0.04
Lorenzo Pellegrini,4,27,29,20,1859,8,3,11,4.8,2.4,43,94,97,0.39,0.15,0.53,0.23,0.12
Luca Pellegrini,0,24,19,8,786,1,0,1,0.2,0.3,18,46,30,0.11,0.0,0.11,0.03,0.03
Facundo Pellistri,5,21,9,1,172,0,1,1,0.7,0.1,6,6,31,0.0,0.52,0.52,0.38,0.05
Facundo Pellistri,5,21,15,14,1232,2,1,3,2.5,1.2,33,22,96,0.15,0.07,0.22,0.18,0.09
Andy Pelmard,0,23,34,33,2989,0,0,0,0.3,0.6,39,120,7,0.0,0.0,0.0,0.01,0.02
Aurélien Pelon,0,19,1,1,90,0,0,0,0.0,0.0,0,1,0,0.0,0.0,0.0,0.0,0.0
Faris Pemi Moumbagna,2,23,13,5,547,3,1,4,1.7,1.1,6,16,32,0.49,0.16,0.66,0.28,0.18
Iñaki Peña,3,24,10,10,900,0,0,0,0.0,0.0,0,0,0,0.0,0.0,0.0,0.0,0.0
Marcos Peña,4,18,7,4,441,0,0,0,0.2,0.0,0,10,0,0.0,0.0,0.0,0.04,0.01
Pepín,5,26,10,2,241,0,0,0,0.2,0.1,1,13,12,0.0,0.0,0.0,0.06,0.02
Alberto Perea,5,32,2,0,2,0,0,0,0.0,0.1,0,2,1,0.0,0.0,0.0,0.0,4.87
Andreas Pereira,4,27,37,34,2613,3,7,10,4.6,7.1,56,138,125,0.1,0.24,0.34,0.16,0.24
Danilo Pereira,0,31,26,22,1995,0,0,0,1.4,0.0,28,148,2,0.0,0.0,0.0,0.06,0.0
Mathias Pereira Lage,5,26,30,12,1187,3,2,5,3.5,1.7,19,23,95,0.23,0.15,0.38,0.27,0.13
Pedro Pereira,0,25,23,9,841,0,2,2,0.2,1.2,20,43,69,0.0,0.21,0.21,0.02,0.12
Daniel Peretz,3,23,1,0,17,0,0,0,0.0,0.0,0,0,0,0.0,0.0,0.0,0.0,0.0
Roberto Pereyra,5,32,27,22,1858,4,3,7,3.5,1.9,39,70,82,0.19,0.15,0.34,0.17,0.09
Ayoze Pérez,2,30,31,29,2294,9,1,10,7.4,3.9,90,80,175,0.35,0.04,0.39,0.29,0.15
Carles Pérez,1,25,16,7,772,1,1,2,1.2,1.3,34,18,66,0.12,0.12,0.23,0.14,0.15
Francisco Perez,5,20,32,27,2049,1,4,5,1.1,2.6,59,41,145,0.04,0.18,0.22,0.05,0.11
Kike Pérez,5,26,24,9,835,1,0,1,1.9,0.6,17,47,42,0.11,0.0,0.11,0.2,0.06
Nehuén Pérez,0,23,36,36,3238,0,0,0,1.3,0.2,28,119,24,0.0,0.0,0.0,0.04,0.0
Matteo Perez Vinlöf,2,17,1,0,16,0,0,0,0.0,0.0,0,0,1,0.0,0.0,0.0,0.0,0.0
Simone Perilli,3,28,1,1,90,0,0,0,0.0,0.0,0,0,0,0.0,0.0,0.0,0.0,0.0
Mattia Perin,3,30,3,3,225,0,0,0,0.0,0.0,0,0,0,0.0,0.0,0.0,0.0,0.0
Samuele Perisan,3,25,1,1,90,0,0,0,0.0,0.0,0,0,0,0.0,0.0,0.0,0.0,0.0
Ivan Perišić,2,34,5,0,103,0,1,1,0.1,0.9,15,9,17,0.0,0.87,0.87,0.1,0.75
Lucas Perrin,0,24,31,30,2723,0,1,1,0.6,0.8,17,115,8,0.0,0.03,0.03,0.02,0.03
Máximo Perrone,4,20,29,20,1623,0,0,0,0.2,0.5,12,78,22,0.0,0.0,0.0,0.01,0.03
Pavao Pervan,3,35,9,9,810,0,0,0,0.0,0.0,0,0,0,0.0,0.0,0.0,0.0,0.0
Matteo Pessina,4,26,37,37,3222,6,3,9,6.3,1.1,69,190,53,0.17,0.08,0.25,0.18,0.03
Andrea Petagna,2,28,18,13,995,1,1,2,1.6,1.0,11,14,56,0.09,0.09,0.18,0.15,0.09
Denis Petrić,3,35,1,0,24,0,0,0,0.0,0.0,0,0,0,0.0,0.0,0.0,0.0,0.0
Njegoš Petrović,5,24,10,0,157,0,0,0,0.0,0.1,3,8,3,0.0,0.0,0.0,0.02,0.06
Đorđe Petrović,3,23,23,22,1987,0,0,0,0.0,0.0,0,1,0,0.0,0.0,0.0,0.0,0.0
Jens Petter Hauge,5,23,10,0,147,0,0,0,0.1,0.1,7,6,15,0.0,0.0,0.0,0.04,0.05
Germán Pezzella,0,32,32,32,2767,1,0,1,2.0,0.3,5,64,1,0.03,0.0,0.03,0.07,0.01
Giuseppe Pezzella,0,25,19,14,1085,0,0,0,0.2,0.5,44,44,36,0.0,0.0,0.0,0.01,0.04
Luca Pfeiffer,5,26,24,20,1619,1,4,5,4.6,1.7,15,37,81,0.06,0.22,0.28,0.26,0.09
Patric Pfeiffer,0,23,11,4,511,0,1,1,0.5,0.8,1,19,4,0.0,0.18,0.18,0.09,0.14
Maximilian Philipp,5,29,17,1,323,1,0,1,0.5,0.4,3,6,28,0.28,0.0,0.28,0.14,0.11
Kalvin Phillips,4,27,8,3,309,0,0,0,0.1,0.0,3,19,4,0.0,0.0,0.0,0.02,0.0
Kalvin Phillips,4,27,4,0,93,0,0,0,0.1,0.0,7,7,3,0.0,0.0,0.0,0.07,0.0
Jaden Philogene Bidace,2,21,1,0,4,0,0,0,0.0,0.0,2,0,1,0.0,0.0,0.0,0.0,0.0
Kamil Piątkowski,0,23,9,6,505,0,0,0,0.8,0.1,2,10,0,0.0,0.0,0.0,0.14,0.02
Roberto Piccoli,2,22,2,0,39,0,0,0,0.1,0.0,0,1,0,0.0,0.0,0.0,0.12,0.0
Roberto Piccoli,2,22,35,12,1378,5,0,5,6.4,0.9,25,19,72,0.33,0.0,0.33,0.42,0.06
Florian Pick,5,27,22,1,327,0,1,1,0.3,0.8,12,12,34,0.0,0.28,0.28,0.08,0.21
Jordan Pickford,3,29,38,38,3420,0,0,0,0.0,0.1,1,6,0,0.0,0.0,0.0,0.0,0.0
Amos Pieper,0,25,7,7,590,0,0,0,0.5,0.8,3,24,3,0.0,0.0,0.0,0.07,0.12
Marvin Pieringer,5,23,31,18,1513,3,3,6,2.3,2.1,28,41,72,0.18,0.18,0.36,0.14,0.13
Santiago Pierotti,5,22,11,0,200,0,2,2,0.5,1.0,4,5,20,0.0,0.9,0.9,0.22,0.47
Niccolò Pierozzi,0,21,12,11,871,1,0,1,0.2,0.0,3,16,20,0.1,0.0,0.1,0.03,0.01
Ronaël Pierre-Gabriel,0,25,12,6,598,0,0,0,0.3,0.8,12,17,12,0.0,0.0,0.0,0.05,0.12
Andrea Pinamonti,2,24,38,37,3076,11,1,12,8.9,1.9,17,45,165,0.32,0.03,0.35,0.26,0.05
Ethan Pinnock,0,30,29,28,2521,2,0,2,2.0,1.0,11,61,16,0.07,0.0,0.07,0.07,0.04
Yeremi Pino,5,20,7,7,475,0,0,0,1.4,0.2,11,10,49,0.0,0.0,0.0,0.27,0.05
Carlo Pinsoglio,3,33,1,0,45,0,0,0,0.0,0.0,0,0,0,0.0,0.0,0.0,0.0,0.0
Lorenzo Pirola,0,21,27,24,1987,1,0,1,0.9,0.0,13,57,7,0.05,0.0,0.05,0.04,0.0
Niccolò Pisilli,4,18,1,0,10,0,0,0,0.0,0.0,0,0,1,0.0,0.0,0.0,0.0,0.0
Alassane Pléa,5,30,27,24,1913,7,4,11,7.0,4.0,56,115,157,0.33,0.19,0.52,0.33,0.19
Tommaso Pobega,4,24,11,3,319,0,0,0,0.2,0.2,6,11,10,0.0,0.0,0.0,0.06,0.06
Paul Pogba,4,30,2,0,54,0,0,0,0.0,0.0,1,5,5,0.0,0.0,0.0,0.0,0.02
Ole Pohlmann,4,22,2,0,54,0,0,0,0.1,0.1,0,0,4,0.0,0.0,0.0,0.09,0.1
Matteo Politano,2,29,37,31,2360,8,7,15,7.1,6.6,113,164,216,0.31,0.27,0.57,0.27,0.25
Sebastian Polter,2,32,9,4,446,0,1,1,1.0,0.6,5,13,26,0.0,0.2,0.2,0.2,0.11
Julien Ponceau,4,22,32,27,2244,3,2,5,3.3,2.7,106,154,152,0.12,0.08,0.2,0.13,0.11
Marin Pongračić,0,25,36,36,3219,0,0,0,1.2,0.4,45,134,7,0.0,0.0,0.0,0.03,0.01
Nick Pope,3,31,15,15,1345,0,0,0,0.0,0.0,0,0,0,0.0,0.0,0.0,0.0,0.0
Pedro Porro,0,23,35,35,3089,3,7,10,2.9,7.2,57,194,158,0.09,0.2,0.29,0.09,0.21
Portu,2,31,3,0,97,0,0,0,0.2,0.2,3,3,3,0.0,0.0,0.0,0.15,0.14
Portu,5,31,33,11,1188,7,5,12,3.4,3.5,32,32,96,0.53,0.38,0.91,0.26,0.26
Stefan Posch,0,26,31,29,2409,1,2,3,1.2,2.1,44,123,64,0.04,0.07,0.11,0.04,0.08
Yussuf Poulsen,2,29,28,12,1217,5,2,7,5.7,1.0,11,16,78,0.37,0.15,0.52,0.43,0.08
José Pozo,4,27,2,0,19,0,0,0,0.0,0.0,0,1,2,0.0,0.0,0.0,0.0,0.0
Alejandro Pozo Pozo,1,24,21,9,976,0,0,0,0.4,0.6,22,44,62,0.0,0.0,0.0,0.04,0.06
Beñat Prados,1,22,26,16,1449,0,0,0,0.5,0.5,23,87,30,0.0,0.0,0.0,0.03,0.03
Matteo Prati,4,19,26,19,1972,1,1,2,2.0,0.8,8,66,17,0.05,0.05,0.09,0.09,0.03
Abdón Prats,5,30,34,11,1270,6,1,7,3.2,2.4,9,26,49,0.43,0.07,0.5,0.23,0.17
Sanjin Prcić,4,29,3,1,88,0,0,0,0.0,0.2,0,5,0,0.0,0.0,0.0,0.01,0.23
Grischa Prömel,4,28,28,27,2139,4,5,9,3.8,2.8,35,96,60,0.17,0.21,0.38,0.16,0.12
Ivan Provedel,3,29,30,30,2699,0,0,0,0.0,0.0,0,3,0,0.0,0.0,0.0,0.0,0.0
Pubill,0,20,23,22,1883,1,3,4,0.7,1.5,59,36,85,0.05,0.14,0.19,0.03,0.07
Gustavo Puerta,1,20,7,0,46,0,0,0,0.1,0.1,1,8,1,0.0,0.0,0.0,0.18,0.16
Antonio Puertas,5,31,27,6,730,0,2,2,3.2,0.6,18,22,46,0.0,0.25,0.25,0.39,0.08
Christian Pulisic,5,24,36,32,2602,12,8,20,8.0,4.8,131,87,293,0.42,0.28,0.69,0.28,0.16
George Pușcaș,2,27,8,1,191,0,0,0,2.1,0.1,5,3,17,0.0,0.0,0.0,0.98,0.04
Jarell Quansah,0,20,17,13,1190,2,0,2,1.0,0.1,13,67,1,0.15,0.0,0.15,0.08,0.01
Domingos Quina,4,23,2,0,13,0,0,0,0.0,0.0,0,1,0,0.0,0.0,0.0,0.0,0.0
Adrien Rabiot,4,28,31,30,2651,5,3,8,3.5,4.1,72,120,106,0.17,0.1,0.27,0.12,0.14
Uroš Račić,4,25,22,8,820,1,1,2,0.8,0.3,5,37,11,0.11,0.11,0.22,0.09,0.03
Nemanja Radonjić,5,27,10,4,374,3,0,3,1.7,0.2,11,7,24,0.72,0.0,0.72,0.41,0.05
Nemanja Radonjić,1,27,11,4,353,0,0,0,1.6,0.6,23,12,43,0.0,0.0,0.0,0.4,0.16
Aleksandar Radovanović,0,29,9,8,569,0,0,0,0.0,0.0,0,5,1,0.0,0.0,0.0,0.01,0.0
Ionuț Radu,3,26,2,2,180,0,0,0,0.0,0.0,0,0,0,0.0,0.0,0.0,0.0,0.0
Boris Radunović,3,27,7,7,630,0,0,0,0.0,0.0,0,0,0,0.0,0.0,0.0,0.0,0.0
Hamza Rafia,4,24,28,17,1204,1,0,1,0.8,0.8,15,46,37,0.07,0.0,0.07,0.06,0.06
Abdellah Raihani,2,19,1,0,10,0,0,0,0.0,0.0,0,0,1,0.0,0.0,0.0,0.0,0.0
Antonio Raillo,0,31,26,25,2195,3,2,5,1.4,2.0,24,80,4,0.12,0.08,0.21,0.06,0.08
Luca Raimund,5,18,3,0,30,0,0,0,0.9,0.0,0,1,2,0.0,0.0,0.0,2.79,0.0
Predrag Rajković,3,27,36,36,3240,0,0,0,0.0,0.2,0,0,0,0.0,0.0,0.0,0.0,0.01
Jesurun Rak Sakyi,5,20,6,0,136,0,0,0,0.4,0.2,7,2,18,0.0,0.0,0.0,0.28,0.1
Ivan Rakitić,4,35,18,16,1425,2,1,3,1.3,3.0,24,127,52,0.13,0.06,0.19,0.08,0.19
Ylber Ramadani,4,27,34,34,2970,1,0,1,1.0,0.5,36,121,14,0.03,0.0,0.03,0.03,0.02
Largie Ramazani,5,22,29,16,1555,3,5,8,4.7,5.7,59,42,104,0.17,0.29,0.46,0.27,0.33
Benito Ramírez,5,28,20,2,384,1,1,2,0.4,0.5,13,5,46,0.23,0.23,0.47,0.09,0.13
Sandro Ramírez,2,28,27,21,1808,1,3,4,3.7,2.6,61,54,209,0.05,0.15,0.2,0.19,0.13
Chris Ramos,5,26,37,30,2612,5,1,6,10.1,1.7,31,28,102,0.17,0.03,0.21,0.35,0.06
Gonçalo Ramos,2,22,29,16,1419,11,1,12,10.9,2.4,11,29,88,0.7,0.06,0.76,0.69,0.15
Sergio Ramos,0,37,28,28,2517,3,0,3,1.9,0.1,11,81,5,0.11,0.0,0.11,0.07,0.0
Aaron Ramsdale,3,25,6,6,540,0,0,0,0.0,0.0,0,2,0,0.0,0.0,0.0,0.0,0.0
Aaron Ramsey,5,20,14,5,527,0,0,0,0.3,0.4,8,8,17,0.0,0.0,0.0,0.06,0.07
Jacob Ramsey,5,22,16,8,853,1,1,2,2.2,1.0,33,28,69,0.11,0.11,0.21,0.23,0.11
Luca Ranieri,0,24,26,23,2065,2,1,3,0.9,0.4,17,99,5,0.09,0.04,0.13,0.04,0.02
Filippo Ranocchia,1,22,9,5,476,0,0,0,0.2,0.5,5,21,11,0.0,0.0,0.0,0.04,0.1
Grant Ranos,5,20,9,0,49,0,0,0,0.3,0.0,0,3,4,0.0,0.0,0.0,0.45,0.0
Raphinha,5,26,28,17,1368,6,9,15,7.4,5.7,49,57,164,0.39,0.59,0.99,0.48,0.37
Nicolai Rapp,0,26,2,1,76,0,0,0,0.0,0.0,1,2,0,0.0,0.0,0.0,0.0,0.0
Elba Rashani,5,30,24,14,1175,2,0,2,2.1,1.2,19,22,102,0.15,0.0,0.15,0.16,0.09
Marcus Rashford,2,25,33,26,2271,7,2,9,7.4,2.3,95,65,184,0.28,0.08,0.36,0.29,0.09
Giacomo Raspadori,5,23,37,14,1584,5,3,8,5.9,4.0,29,54,139,0.28,0.17,0.45,0.33,0.23
Andrei Ratiu,1,25,12,6,630,0,0,0,0.3,0.6,28,19,25,0.0,0.0,0.0,0.04,0.09
Raúl,2,22,35,13,1355,6,1,7,4.9,0.6,16,22,68,0.4,0.07,0.46,0.32,0.04
David Raum,0,25,31,31,2739,2,8,10,0.8,7.3,77,131,246,0.07,0.26,0.33,0.02,0.24
Federico Ravaglia,3,23,6,6,535,0,0,0,0.0,0.0,0,0,0,0.0,0.0,0.0,0.0,0.0
David Raya,3,27,32,32,2880,0,0,0,0.0,0.0,0,2,0,0.0,0.0,0.0,0.0,0.0
Tim Ream,0,35,18,17,1503,1,0,1,1.0,0.0,11,65,3,0.06,0.0,0.06,0.06,0.0
Abderrahman Rebbach,5,24,23,6,722,1,0,1,0.8,1.8,34,14,78,0.12,0.0,0.12,0.1,0.22
Nathan Redmond,5,29,12,0,142,0,0,0,0.0,0.3,7,8,22,0.0,0.0,0.0,0.0,0.19
Harrison Reed,4,28,27,15,1325,0,2,2,0.3,1.1,10,56,40,0.0,0.14,0.14,0.02,0.07
Sergio Reguilón,0,26,9,4,412,0,0,0,0.2,0.7,11,27,38,0.0,0.0,0.0,0.04,0.16
Sergio Reguilón,0,26,16,14,1118,0,4,4,0.8,2.8,34,38,40,0.0,0.32,0.32,0.06,0.23
Bobby Reid,2,30,33,17,1423,6,2,8,4.6,1.8,35,47,95,0.38,0.13,0.51,0.28,0.11
Tijjani Reijnders,4,25,36,33,2820,3,3,6,3.2,3.7,88,204,90,0.1,0.1,0.19,0.1,0.12
Pepe Reina,3,40,2,2,180,0,0,0,0.0,0.0,0,0,0,0.0,0.0,0.0,0.0,0.0
Reinier,5,21,22,13,1059,2,2,4,1.3,1.9,10,32,42,0.17,0.17,0.34,0.11,0.16
Rocco Reitz,4,21,34,24,2136,6,3,9,3.7,2.4,41,110,58,0.25,0.13,0.38,0.15,0.1
Álex Remiro,3,28,37,37,3275,0,0,0,0.0,0.0,0,1,0,0.0,0.0,0.0,0.0,0.0
Guillaume Restes,3,18,34,34,3060,0,0,0,0.0,0.0,0,0,0,0.0,0.0,0.0,0.0,0.0
Mateo Retegui,2,24,29,26,2216,7,2,9,5.8,0.7,18,17,112,0.28,0.08,0.37,0.24,0.03
Marco Reus,5,34,26,18,1601,6,8,14,6.5,5.1,31,64,89,0.34,0.45,0.79,0.37,0.29
Elvis Rexhbeçaj,4,25,25,24,1985,2,0,2,1.7,0.5,15,91,51,0.09,0.0,0.09,0.08,0.02
Gio Reyna,5,20,9,2,235,0,1,1,0.3,0.5,3,12,14,0.0,0.38,0.38,0.11,0.18
Gio Reyna,5,20,11,1,280,0,0,0,0.8,0.8,8,20,19,0.0,0.0,0.0,0.27,0.25
Chadi Riad,0,20,26,24,2164,0,0,0,0.7,0.2,4,34,1,0.0,0.0,0.0,0.03,0.01
Alexsandro Ribeiro,0,23,29,24,2220,0,0,0,2.0,0.5,15,82,7,0.0,0.0,0.0,0.08,0.02
Rodrigo Ribeiro,5,18,4,0,17,0,0,0,0.0,0.0,2,2,1,0.0,0.0,0.0,0.0,0.0
Samuele Ricci,4,21,32,28,2395,1,2,3,1.3,2.3,47,122,73,0.04,0.08,0.11,0.05,0.09
Declan Rice,4,24,38,37,3225,7,8,15,3.3,5.3,75,278,64,0.2,0.22,0.42,0.09,0.15
Chris Richards,1,23,26,23,2094,1,1,2,0.6,0.4,1,43,1,0.04,0.04,0.09,0.03,0.02
Amir Richardson,4,21,28,14,1352,3,1,4,1.6,1.1,28,72,40,0.2,0.07,0.27,0.11,0.08
Richarlison,2,26,28,18,1491,11,4,15,9.6,2.1,26,38,106,0.66,0.24,0.91,0.58,0.13
Marco Richter,5,25,20,7,717,1,0,1,1.9,1.3,20,30,53,0.13,0.0,0.13,0.24,0.16
Diego Rico,0,30,32,28,2535,0,7,7,0.3,3.8,28,119,79,0.0,0.25,0.25,0.01,0.14
Clemens Riedel,0,20,14,9,755,0,0,0,0.3,0.7,4,47,27,0.0,0.0,0.0,0.03,0.08
Fabian Rieder,4,21,15,2,365,1,0,1,0.3,0.6,10,41,18,0.25,0.0,0.25,0.07,0.14
Jaïro Riedewald,5,26,9,2,235,0,0,0,0.0,0.0,3,10,3,0.0,0.0,0.0,0.01,0.0
Manuel Riemann,3,34,33,33,2970,0,0,0,0.0,0.2,0,19,0,0.0,0.0,0.0,0.0,0.01
Luis Rioja,5,29,37,31,2498,5,4,9,6.1,3.9,70,77,173,0.18,0.14,0.32,0.22,0.14
Rémy Riou,3,35,3,3,270,0,0,0,0.0,0.0,0,0,0,0.0,0.0,0.0,0.0,0.0
Rodrigo Riquelme,1,23,34,17,1528,3,5,8,2.7,3.1,87,53,166,0.18,0.29,0.47,0.16,0.18
Alberto Risco,4,17,4,1,137,0,0,0,0.1,0.3,3,6,14,0.0,0.0,0.0,0.05,0.21
Mihailo Ristić,1,27,12,9,808,0,0,0,0.3,0.1,24,30,42,0.0,0.0,0.0,0.04,0.01
Matt Ritchie,5,33,13,0,128,1,0,1,1.0,0.0,5,8,13,0.7,0.0,0.7,0.68,0.0
Gorka Rivera Alonso,0,18,1,0,3,0,0,0,0.0,0.0,0,0,0,0.0,0.0,0.0,0.0,0.0
Sergi Roberto,1,31,14,10,860,3,2,5,1.7,0.8,13,50,33,0.31,0.21,0.52,0.18,0.08
Lucas Robertone,4,26,33,29,2381,0,5,5,1.0,2.5,31,128,37,0.0,0.19,0.19,0.04,0.1
Connor Roberts,0,27,14,8,823,0,1,1,0.0,0.2,6,38,13,0.0,0.11,0.11,0.0,0.02
Andrew Robertson,0,29,23,18,1693,3,2,5,1.9,5.4,63,140,130,0.16,0.11,0.27,0.1,0.29
Antonee Robinson,0,25,37,37,3265,0,6,6,0.7,4.2,99,129,194,0.0,0.17,0.17,0.02,0.11
Jack Robinson,0,29,34,31,2885,1,1,2,1.2,1.2,8,63,14,0.03,0.03,0.06,0.04,0.04
Marc Roca,4,26,26,24,1980,2,2,4,1.1,1.4,24,126,20,0.09,0.09,0.18,0.05,0.06
Sebastian Rode,4,32,8,1,61,0,0,0,0.0,0.1,3,11,4,0.0,0.0,0.0,0.0,0.09
Rodri,4,27,34,34,2931,8,9,17,4.1,3.9,76,376,55,0.25,0.28,0.52,0.12,0.12
Rodri,5,23,29,9,1051,0,0,0,1.1,1.2,49,65,116,0.0,0.0,0.0,0.09,0.1
Óscar Rodríguez Arnaiz,5,25,24,9,967,2,1,3,1.5,2.1,13,52,48,0.19,0.09,0.28,0.14,0.2
Damián Rodríguez,4,20,5,3,258,0,2,2,0.0,0.8,2,9,4,0.0,0.7,0.7,0.01,0.27
Dani Rodríguez,4,35,36,31,2615,2,4,6,1.4,4.1,54,118,110,0.07,0.14,0.21,0.05,0.14
Guido Rodríguez,4,29,24,22,1846,2,0,2,0.7,0.8,8,65,18,0.1,0.0,0.1,0.03,0.04
Jay Rodriguez,2,34,21,7,822,2,1,3,3.5,0.2,2,17,28,0.22,0.11,0.33,0.38,0.02
Kirian Rodríguez,4,27,37,36,3211,6,2,8,2.1,1.6,46,296,78,0.17,0.06,0.22,0.06,0.05
Miguel Rodríguez,4,20,15,2,300,0,0,0,0.2,0.2,14,8,35,0.0,0.0,0.0,0.07,0.05
Ricardo Rodríguez,0,30,35,34,2772,1,2,3,0.3,1.4,61,127,40,0.03,0.06,0.1,0.01,0.04
Rodrygo,2,22,34,28,2380,10,5,15,11.7,4.0,159,90,301,0.38,0.19,0.57,0.44,0.15
Mads Roerslev,0,24,34,22,1985,1,2,3,0.9,1.8,18,43,90,0.05,0.09,0.14,0.04,0.08
Rogério,0,25,13,10,906,1,0,1,0.3,0.4,27,57,42,0.1,0.0,0.1,0.03,0.04
Morgan Rogers,5,21,11,8,638,3,1,4,1.4,0.6,22,28,30,0.42,0.14,0.56,0.19,0.09
Merlin Röhl,5,21,24,17,1477,2,4,6,2.0,2.5,44,38,87,0.12,0.24,0.37,0.12,0.15
Alessio Romagnoli,0,28,29,26,2411,0,0,0,0.6,0.6,7,87,2,0.0,0.0,0.0,0.02,0.02
Simone Romagnoli,0,33,33,30,2715,1,1,2,1.2,0.4,2,47,2,0.03,0.03,0.07,0.04,0.01
Carlos Romero,0,21,7,2,262,0,0,0,0.4,0.0,6,6,21,0.0,0.0,0.0,0.14,0.0
Cristian Romero,0,25,33,33,2790,5,0,5,3.5,0.4,32,179,8,0.16,0.0,0.16,0.11,0.01
Luka Romero,5,18,4,0,88,0,0,0,0.1,0.0,4,3,7,0.0,0.0,0.0,0.09,0.0
Luka Romero,2,18,13,5,438,3,0,3,1.3,0.1,11,14,20,0.62,0.0,0.62,0.26,0.02
Oriol Romeu,4,31,28,11,936,0,1,1,0.7,1.3,12,66,4,0.0,0.1,0.1,0.07,0.12
Valentin Rongier,4,28,10,10,851,0,0,0,0.6,0.8,19,73,10,0.0,0.0,0.0,0.06,0.09
Frank Ronstadt,1,26,4,0,76,0,0,0,0.1,0.1,3,2,4,0.0,0.0,0.0,0.09,0.12
Marten de Roon,1,32,30,29,2599,0,5,5,0.6,1.2,28,178,22,0.0,0.17,0.17,0.02,0.04
Unai Ropero,4,21,1,0,5,0,0,0,0.0,0.0,0,0,0,0.0,0.0,0.0,0.0,0.0
Vitor Roque,2,18,14,2,328,2,0,2,2.5,0.0,12,2,26,0.55,0.0,0.55,0.7,0.01
Pablo Rosario,1,26,30,21,2009,0,0,0,1.2,1.4,20,93,27,0.0,0.0,0.0,0.05,0.06
Valentin Rosier,1,26,3,0,53,0,0,0,0.0,0.1,3,5,2,0.0,0.0,0.0,0.07,0.23
Francesco Rossi,3,32,1,0,5,0,0,0,0.0,0.0,0,0,0,0.0,0.0,0.0,0.0,0.0
Joe Rothwell,4,28,11,3,386,0,0,0,0.1,0.2,6,20,3,0.0,0.0,0.0,0.02,0.06
Anthony Rouault,0,22,22,11,1010,0,2,2,0.1,0.8,8,68,10,0.0,0.18,0.18,0.01,0.07
Jérôme Roussillon,0,30,23,8,752,0,1,1,0.3,0.6,10,38,29,0.0,0.12,0.12,0.04,0.07
Nicolò Rovella,4,21,23,16,1318,0,2,2,0.6,0.5,21,56,11,0.0,0.14,0.14,0.04,0.03
Amir Rrahmani,0,29,30,30,2600,3,0,3,2.2,0.9,19,113,4,0.1,0.0,0.1,0.08,0.03
Ruan,0,24,26,16,1516,0,0,0,0.5,0.6,8,33,6,0.0,0.0,0.0,0.03,0.04
Pelly Ruddock Mpanzu,4,30,27,11,1101,0,0,0,0.6,0.4,10,34,15,0.0,0.0,0.0,0.05,0.04
Antonio Rüdiger,0,30,33,30,2709,1,0,1,1.5,1.2,17,88,1,0.03,0.0,0.03,0.05,0.04
Fabian Rüdlin,4,26,1,0,7,0,0,0,0.0,0.0,0,1,0,0.0,0.0,0.0,0.0,0.0
Javier Rueda Garcia,1,21,1,0,20,0,0,0,0.0,0.0,0,1,2,0.0,0.0,0.0,0.0,0.0
Daniele Rugani,0,29,17,13,1187,2,0,2,1.6,0.4,2,46,2,0.15,0.0,0.15,0.12,0.03
Matteo Ruggeri,0,21,34,28,2449,0,4,4,0.5,1.8,55,142,132,0.0,0.15,0.15,0.02,0.07
Mário Rui,0,32,21,14,1205,0,2,2,0.1,1.9,33,90,59,0.0,0.15,0.15,0.01,0.14
Fabián Ruiz Peña,4,27,21,14,1197,1,3,4,2.0,1.2,16,78,40,0.08,0.23,0.3,0.15,0.09
Sergio Ruiz,4,28,35,30,2494,0,4,4,0.7,1.3,34,113,23,0.0,0.14,0.14,0.03,0.05
Julian Ryerson,0,25,21,20,1767,4,1,5,1.8,2.7,41,64,118,0.2,0.05,0.25,0.09,0.14
Frederik Rønnow,3,30,33,33,2970,0,0,0,0.1,0.1,0,1,0,0.0,0.0,0.0,0.0,0.0
José Sá,3,30,35,35,3037,0,1,1,0.0,0.0,0,1,0,0.0,0.03,0.03,0.0,0.0
Youssouf Sabaly,0,30,12,12,1046,0,1,1,0.1,0.5,31,47,43,0.0,0.09,0.09,0.01,0.04
Emmanuel Sabbi,5,25,30,18,1584,5,1,6,4.1,1.4,38,36,101,0.28,0.06,0.34,0.23,0.08
Stefano Sabelli,0,30,32,30,2429,0,1,1,0.8,1.9,69,88,101,0.0,0.04,0.04,0.03,0.07
Marcel Sabitzer,4,29,25,23,1961,4,3,7,3.6,1.8,39,111,69,0.18,0.14,0.32,0.16,0.08
Falaye Sacko,0,28,19,15,1382,0,1,1,0.0,0.4,38,63,42,0.0,0.07,0.07,0.0,0.03
Dominic Sadi,2,19,1,0,1,0,0,0,0.0,0.0,0,0,0,0.0,0.0,0.0,0.0,0.0
Umar Sadiq,2,26,26,12,1077,3,1,4,3.6,1.1,18,13,74,0.25,0.08,0.33,0.3,0.09
Alexis Saelemaekers,5,24,30,21,1887,4,2,6,2.6,2.8,65,77,180,0.19,0.1,0.29,0.13,0.14
Modibo Sagnan,0,24,13,12,1054,2,0,2,1.2,0.3,7,25,5,0.17,0.0,0.17,0.1,0.03
Wesley Saïd,5,28,27,11,1020,7,1,8,5.7,0.9,18,26,95,0.62,0.09,0.71,0.5,0.08
Théo Sainte-Luce,0,24,6,3,346,0,0,0,0.1,0.1,8,15,6,0.0,0.0,0.0,0.03,0.02
Bukayo Saka,2,21,35,35,2919,16,9,25,15.5,10.5,155,126,508,0.49,0.28,0.77,0.48,0.32
Mamadou Sakho,0,33,1,0,7,0,0,0,0.0,0.0,0,1,0,0.0,0.0,0.0,0.0,0.0
Ibrahim Salah,5,21,23,4,524,4,1,5,3.1,0.5,15,18,61,0.69,0.17,0.86,0.54,0.08
Mohamed Salah,2,31,32,28,2534,18,10,28,21.2,11.8,98,147,341,0.64,0.36,0.99,0.75,0.42
Amine Salama,2,23,11,2,313,0,0,0,0.7,0.2,10,7,33,0.0,0.0,0.0,0.21,0.07
Kike Salas,0,21,23,19,1605,3,0,3,0.8,0.5,11,61,16,0.17,0.0,0.17,0.05,0.03
William Saliba,0,22,38,38,3420,2,1,3,1.6,0.2,16,157,6,0.05,0.03,0.08,0.04,0.01
Mohammed Salisu,0,24,12,11,1035,0,1,1,0.2,0.2,7,72,6,0.0,0.09,0.09,0.02,0.02
Roland Sallai,5,26,27,22,1840,3,2,5,7.9,3.5,47,41,139,0.15,0.1,0.24,0.39,0.17
Yoann Salmier,0,30,20,18,1568,1,1,2,1.1,0.7,8,48,8,0.06,0.06,0.11,0.06,0.04
Salvi,4,32,1,0,28,0,0,0,0.0,0.0,2,0,2,0.0,0.0,0.0,0.0,0.0
Lazar Samardzic,4,21,34,28,2372,6,2,8,3.5,5.5,65,83,91,0.23,0.08,0.3,0.13,0.21
Diadie Samassékou,4,27,4,0,92,0,0,0,0.0,0.0,2,7,1,0.0,0.0,0.0,0.03,0.02
Diadie Samassékou,4,27,1,0,1,0,0,0,0.0,0.0,0,0,0,0.0,0.0,0.0,0.0,0.0
Mama Samba Baldé,5,27,20,4,551,2,3,5,3.4,2.3,23,11,73,0.33,0.49,0.82,0.55,0.38
Brice Samba,3,29,33,33,2970,0,0,0,0.0,0.2,0,4,0,0.0,0.0,0.0,0.0,0.01
Albert Sambi Lokonga,4,23,17,16,1303,1,3,4,0.6,1.4,29,72,13,0.07,0.21,0.28,0.04,0.1
Junior Sambia,1,26,18,10,1032,1,2,3,0.5,0.9,23,41,37,0.09,0.17,0.26,0.05,0.07
Fede San Emeterio,4,26,4,3,152,1,0,1,0.1,0.1,0,4,0,0.59,0.0,0.59,0.03,0.05
Antonio Sanabria,5,27,35,23,2133,5,0,5,9.3,1.4,19,57,109,0.21,0.0,0.21,0.39,0.06
Oihan Sancet,4,23,30,25,1975,4,5,9,6.3,4.7,76,121,157,0.18,0.23,0.41,0.29,0.21
Renato Sanches,4,25,7,1,146,1,0,1,0.1,0.2,5,10,5,0.62,0.0,0.62,0.05,0.14
Ricard Sánchez,0,23,33,25,2295,3,0,3,1.0,1.9,49,84,103,0.12,0.0,0.12,0.04,0.08
Alexis Sánchez,5,34,23,6,763,2,5,7,3.2,3.1,16,53,58,0.24,0.59,0.83,0.38,0.37
Antonio Sánchez,4,26,29,21,1452,3,1,4,2.5,0.8,35,57,61,0.19,0.06,0.25,0.16,0.05
Davinson Sánchez,0,27,1,0,77,0,0,0,0.1,0.0,0,2,0,0.0,0.0,0.0,0.14,0.0
Juanlu Sánchez,0,19,26,11,1181,0,2,2,0.9,1.1,42,50,112,0.0,0.15,0.15,0.07,0.09
Manu Sánchez,1,22,26,20,1775,0,5,5,0.5,2.7,41,74,67,0.0,0.25,0.25,0.02,0.14
Robert Sánchez,3,25,16,16,1433,0,0,0,0.0,0.0,0,1,0,0.0,0.0,0.0,0.0,0.0
Jadon Sancho,5,23,3,0,79,0,0,0,0.0,0.1,10,4,5,0.0,0.0,0.0,0.0,0.06
Jadon Sancho,5,23,14,11,947,2,2,4,0.7,3.0,61,62,114,0.19,0.19,0.38,0.07,0.28
Alex Sandro,0,32,16,8,721,1,0,1,0.4,0.9,16,43,9,0.12,0.0,0.12,0.05,0.11
Ibou Sané,5,18,9,0,128,1,0,1,0.7,0.0,6,7,8,0.7,0.0,0.7,0.49,0.03
Leroy Sané,2,27,27,25,2137,8,11,19,10.9,10.8,121,113,274,0.34,0.46,0.8,0.46,0.46
Sadibou Sané,0,19,14,9,846,0,0,0,0.4,0.0,8,19,8,0.0,0.0,0.0,0.04,0.0
Arouna Sangante,0,21,30,30,2687,0,0,0,0.9,1.2,20,107,27,0.0,0.0,0.0,0.03,0.04
Ibrahim Sangaré,4,25,17,13,1035,0,0,0,0.6,0.4,5,44,7,0.0,0.0,0.0,0.06,0.03
Morgan Sanson,4,28,29,24,1964,2,3,5,3.3,4.0,57,75,98,0.09,0.14,0.23,0.15,0.18
Nicola Sansone,5,31,25,4,767,2,2,4,2.8,1.3,15,36,75,0.23,0.23,0.47,0.33,0.15
Baptiste Santamaria,4,28,30,22,1926,0,1,1,1.9,0.6,13,134,36,0.0,0.05,0.05,0.09,0.03
Jesús Santiago,4,19,14,8,656,1,0,1,0.6,0.4,5,15,12,0.14,0.0,0.14,0.08,0.05
Andrey Santos,4,19,1,0,8,0,0,0,0.1,0.0,0,0,0,0.0,0.0,0.0,0.64,0.0
Andrey Santos,4,19,11,9,831,1,0,1,1.0,1.0,5,48,15,0.11,0.0,0.11,0.11,0.11
Tiago Santos,0,21,29,26,2365,1,2,3,1.4,2.3,89,105,137,0.04,0.08,0.11,0.05,0.09
Paco Sanz,0,18,1,0,24,0,0,0,0.0,0.0,0,0,0,0.0,0.0,0.0,0.0,0.0
Riccardo Saponara,5,31,12,3,342,0,0,0,0.1,0.2,12,14,32,0.0,0.0,0.0,0.03,0.04
Pablo Sarabia,5,31,30,20,1745,4,7,11,5.5,5.9,41,109,137,0.21,0.36,0.57,0.28,0.3
Amin Sarr,5,22,3,1,98,0,0,0,0.3,0.2,3,1,8,0.0,0.0,0.0,0.31,0.14
Amin Sarr,5,22,14,2,386,0,0,0,0.6,0.2,3,12,26,0.0,0.0,0.0,0.13,0.04
Bouna Sarr,0,31,2,1,106,0,0,0,0.2,0.0,3,2,4,0.0,0.0,0.0,0.19,0.0
Ismaila Sarr,5,25,23,15,1447,3,4,7,3.2,2.5,49,36,152,0.19,0.25,0.44,0.2,0.15
Mamadou Sarr,0,17,1,0,8,0,0,0,0.0,0.0,0,0,0,0.0,0.0,0.0,0.0,0.0
Martin Satriano,2,22,33,21,1864,4,4,8,6.1,2.9,28,37,121,0.19,0.19,0.39,0.29,0.14
Téji Savanier,4,31,32,32,2765,9,6,15,9.1,6.9,39,224,108,0.29,0.2,0.49,0.29,0.22
Stefan Savić,0,32,23,19,1630,0,0,0,0.3,0.1,14,66,2,0.0,0.0,0.0,0.02,0.01
Sávio,5,19,37,35,2976,9,10,19,6.1,7.9,181,93,372,0.27,0.3,0.57,0.18,0.24
Zanos Savva,1,17,2,0,28,1,0,1,0.2,0.0,0,1,1,3.21,0.0,3.21,0.51,0.0
Saba Sazonov,0,21,12,2,356,0,0,0,0.2,0.0,0,8,0,0.0,0.0,0.0,0.04,0.01
Joe Scally,0,20,31,25,2236,1,4,5,0.6,1.4,39,75,75,0.04,0.16,0.2,0.02,0.06
Giorgio Scalvini,0,19,33,31,2544,1,3,4,1.4,1.1,30,116,33,0.04,0.11,0.14,0.05,0.04
Gianluca Scamacca,2,24,29,17,1453,12,6,18,6.5,3.9,22,41,167,0.74,0.37,1.11,0.4,0.24
Dane Scarlett,2,19,4,0,22,0,0,0,0.0,0.0,0,1,4,0.0,0.0,0.0,0.0,0.0
Kevin Schade,5,21,11,3,333,2,1,3,1.2,0.7,8,9,23,0.54,0.27,0.81,0.32,0.19
András Schäfer,4,24,20,14,1214,1,2,3,1.8,1.5,37,59,71,0.07,0.15,0.22,0.13,0.11
Fabian Schär,0,31,36,35,3054,4,1,5,2.5,0.7,28,133,20,0.12,0.03,0.15,0.07,0.02
Patrik Schick,2,27,20,12,1063,7,0,7,6.0,1.0,7,17,88,0.59,0.0,0.59,0.51,0.08
Stefan Schimmer,5,29,16,0,153,0,1,1,0.6,0.9,1,2,12,0.0,0.59,0.59,0.34,0.51
Xaver Schlager,4,25,29,29,2477,0,5,5,1.1,2.6,73,230,45,0.0,0.18,0.18,0.04,0.09
Keven Schlotterbeck,0,26,27,24,2185,5,1,6,2.0,0.6,9,93,15,0.21,0.04,0.25,0.08,0.03
Nico Schlotterbeck,0,23,33,32,2859,2,1,3,3.0,1.9,55,186,11,0.06,0.03,0.09,0.1,0.06
Jeffrey Schlupp,5,30,29,17,1352,2,2,4,1.8,2.3,20,33,52,0.13,0.13,0.27,0.12,0.15
Romano Schmid,5,23,33,30,2601,4,6,10,5.2,6.3,75,144,165,0.14,0.21,0.35,0.18,0.22
Kenneth Schmidt,0,21,5,0,68,0,0,0,0.0,0.1,2,4,3,0.0,0.0,0.0,0.02,0.09
Niklas Schmidt,4,25,22,15,1269,1,1,2,1.2,2.4,20,106,43,0.07,0.07,0.14,0.09,0.17
Benno Schmitz,0,28,22,13,1155,0,1,1,0.2,0.3,27,70,47,0.0,0.08,0.08,0.02,0.02
Fabian Schnellhardt,4,29,10,2,235,0,0,0,0.2,0.1,6,15,9,0.0,0.0,0.0,0.08,0.02
Jan Schöppner,4,24,26,23,1998,2,2,4,1.1,1.5,16,72,32,0.09,0.09,0.18,0.05,0.07
Marcel Schuhen,3,30,31,31,2790,0,0,0,0.0,0.0,0,5,0,0.0,0.0,0.0,0.0,0.0
Perr Schuurs,0,23,9,9,770,1,0,1,0.7,0.0,9,19,4,0.12,0.0,0.12,0.08,0.0
Marvin Schwäbe,3,28,34,34,3060,0,0,0,0.0,0.1,0,3,0,0.0,0.0,0.0,0.0,0.0
Alexander Schwolow,3,31,1,1,90,0,0,0,0.0,0.0,0,0,0,0.0,0.0,0.0,0.0,0.0
Alex Scott,4,19,23,11,1014,1,1,2,0.7,1.7,24,50,35,0.09,0.09,0.18,0.06,0.15
Simone Scuffet,3,27,31,31,2789,0,0,0,0.0,0.0,0,1,0,0.0,0.0,0.0,0.0,0.0
Jérémy Sebas,5,20,14,2,399,2,0,2,1.0,0.0,13,6,39,0.45,0.0,0.45,0.21,0.01
Manuel Sebastián,4,19,4,1,117,0,0,0,0.0,0.1,1,3,1,0.0,0.0,0.0,0.02,0.07
Demba Seck,4,22,9,5,425,0,0,0,0.3,0.1,23,12,25,0.0,0.0,0.0,0.07,0.03
Demba Seck,5,22,11,3,298,0,0,0,1.1,0.3,11,9,23,0.0,0.0,0.0,0.34,0.1
Aleksandar Sedlar,0,31,11,11,946,1,0,1,0.3,0.1,6,26,1,0.1,0.0,0.1,0.03,0.01
Alidu Seidu,0,23,11,7,593,0,0,0,0.2,0.1,14,23,24,0.0,0.0,0.0,0.04,0.01
Alidu Seidu,0,23,14,13,1131,0,1,1,0.1,0.7,16,33,3,0.0,0.08,0.08,0.01,0.05
Nicolas Seiwald,4,22,21,6,718,0,2,2,0.0,0.3,3,33,4,0.0,0.25,0.25,0.0,0.04
Nikola Sekulov,2,21,1,0,11,0,0,0,0.0,0.0,0,0,1,0.0,0.0,0.0,0.0,0.0
Davie Selke,2,28,19,16,1265,6,0,6,4.8,0.4,9,17,46,0.43,0.0,0.43,0.34,0.03
Matz Sels,3,31,16,16,1440,0,0,0,0.0,0.1,0,0,0,0.0,0.0,0.0,0.0,0.0
Matz Sels,3,31,19,19,1710,0,0,0,0.0,0.5,0,0,0,0.0,0.0,0.0,0.0,0.03
Nélson Semedo,1,29,36,36,3084,0,1,1,1.3,1.7,103,138,150,0.0,0.03,0.03,0.04,0.05
Vivaldo Semedo,2,18,1,0,12,0,0,0,0.0,0.0,1,0,0,0.0,0.0,0.0,0.0,0.0
Antoine Semenyo,2,23,33,25,2105,8,2,10,4.6,3.2,89,64,188,0.34,0.09,0.43,0.2,0.14
Marvin Senaya,1,22,32,23,2138,1,1,2,1.2,2.8,48,74,81,0.04,0.04,0.08,0.05,0.12
Marcos Senesi,0,26,31,26,2242,4,5,9,2.0,1.7,31,127,4,0.16,0.2,0.36,0.08,0.07
Stefano Sensi,4,27,4,0,46,0,1,1,0.1,0.1,3,3,4,0.0,1.96,1.96,0.16,0.25
Suat Serdar,4,26,25,19,1659,0,2,2,1.0,1.4,20,68,36,0.0,0.11,0.11,0.05,0.07
Benjamin Šeško,2,20,31,17,1526,14,2,16,7.7,1.1,21,22,98,0.83,0.12,0.94,0.45,0.07
Kevin Sessa,5,23,30,7,1011,3,0,3,2.9,1.3,29,51,48,0.27,0.0,0.27,0.25,0.12
Aaron Seydel,2,27,16,5,619,1,0,1,1.0,0.7,7,10,35,0.15,0.0,0.15,0.15,0.1
Andres Sfait,1,18,2,0,23,0,0,0,0.0,0.1,1,1,2,0.0,0.0,0.0,0.0,0.26
Luke Shaw,0,28,12,12,959,0,0,0,0.0,1.0,10,45,30,0.0,0.0,0.0,0.0,0.09
James Shea,3,32,1,0,15,0,0,0,0.0,0.0,0,0,0,0.0,0.0,0.0,0.0,0.0
Eldor Shomurodov,5,28,22,10,936,3,3,6,3.5,1.7,12,18,52,0.29,0.29,0.58,0.34,0.16
Steven Shpendi,5,20,12,4,411,0,1,1,0.4,0.5,3,6,32,0.0,0.22,0.22,0.09,0.1
Sofiane Sidi Ali,4,28,2,0,18,0,0,0,0.0,0.0,0,1,3,0.0,0.0,0.0,0.12,0.0
Vincent Sierro,4,27,30,25,2261,6,2,8,5.9,2.3,17,135,73,0.24,0.08,0.32,0.23,0.09
Tim Siersleben,0,23,14,10,910,0,0,0,0.2,0.5,12,48,1,0.0,0.0,0.0,0.02,0.05
Kiliann Sildillia,0,21,27,20,1806,0,1,1,0.6,0.8,22,70,58,0.0,0.05,0.05,0.03,0.04
André Silva,2,27,19,9,729,3,0,3,3.3,0.3,5,7,44,0.37,0.0,0.37,0.41,0.04
Bernardo Silva,5,28,33,29,2578,6,9,15,3.7,7.6,140,177,260,0.21,0.31,0.52,0.13,0.27
Caio Henrique Oliveira Silva,0,26,9,7,623,0,5,5,0.2,1.3,16,33,54,0.0,0.72,0.72,0.03,0.18
Fábio Silva,2,21,8,3,264,0,0,0,1.0,0.2,5,10,13,0.0,0.0,0.0,0.35,0.07
Rui Silva,3,29,28,28,2475,0,0,0,0.0,0.0,0,1,1,0.0,0.0,0.0,0.0,0.0
Thiago Silva,0,38,31,28,2527,3,1,4,0.8,1.0,2,102,5,0.11,0.04,0.14,0.03,0.04
Marco Silvestri,3,32,17,17,1530,0,0,0,0.0,0.0,0,0,0,0.0,0.0,0.0,0.0,0.0
Mohamed Simakan,0,23,32,23,2138,2,3,5,3.9,3.3,34,106,76,0.08,0.13,0.21,0.16,0.14
Giovanni Simeone,2,28,28,8,800,1,0,1,3.4,0.6,11,13,76,0.11,0.0,0.11,0.38,0.06
Giuliano Simeone,2,20,14,6,630,1,2,3,2.4,2.0,25,24,47,0.14,0.29,0.43,0.34,0.29
Jan-Carlo Simic,0,18,4,0,146,1,0,1,0.6,0.0,0,6,0,0.62,0.0,0.62,0.38,0.0
Moses Simon,5,28,22,21,1788,3,5,8,4.1,3.7,146,36,214,0.15,0.25,0.4,0.21,0.18
Unai Simón,3,26,36,36,3182,0,0,0,0.0,0.0,0,0,0,0.0,0.0,0.0,0.0,0.0
Xavi Simons,4,20,32,32,2653,8,11,19,8.3,9.8,151,187,216,0.27,0.37,0.64,0.28,0.33
Wilfried Singo,0,22,25,24,2187,1,1,2,0.8,1.0,38,145,31,0.04,0.04,0.08,0.03,0.04
Luis Sinisterra,5,24,20,7,699,2,2,4,2.5,2.4,51,38,85,0.26,0.26,0.52,0.33,0.31
Daley Sinkgraven,0,28,11,6,388,0,0,0,0.0,0.0,3,17,8,0.0,0.0,0.0,0.0,0.0
Jailson Siqueira,1,27,14,9,897,0,1,1,0.2,0.5,16,38,8,0.0,0.1,0.1,0.02,0.05
Ayanda Sishuba,5,18,7,0,62,0,0,0,0.9,0.0,7,1,10,0.0,0.0,0.0,1.27,0.04
Ibrahima Sissoko,4,25,27,18,1642,0,1,1,1.0,1.7,15,88,18,0.0,0.05,0.05,0.05,0.09
Moussa Sissoko,4,33,26,21,1821,0,0,0,1.3,1.1,30,74,59,0.0,0.0,0.0,0.06,0.05
Antonio Sivera,3,26,34,34,3060,0,0,0,0.0,0.1,0,0,0,0.0,0.0,0.0,0.0,0.0
Ellyes Skhiri,4,28,27,24,2168,2,2,4,2.3,1.0,10,110,28,0.08,0.08,0.17,0.1,0.04
Oliver Skipp,1,22,21,5,707,0,0,0,0.7,0.6,8,37,25,0.0,0.0,0.0,0.09,0.07
Leo Skiri Østigård,0,23,25,18,1625,1,0,1,0.6,0.1,13,76,3,0.06,0.0,0.06,0.03,0.0
Łukasz Skorupski,3,32,32,32,2880,0,0,0,0.0,0.0,0,1,0,0.0,0.0,0.0,0.0,0.0
Milan Škriniar,0,28,24,17,1629,0,0,0,0.2,0.1,5,61,1,0.0,0.0,0.0,0.01,0.0
Naatan Skyttä,5,21,8,0,120,0,0,0,0.5,0.6,1,12,12,0.0,0.0,0.0,0.4,0.44
Chris Smalling,0,33,8,4,390,0,0,0,0.0,0.4,1,13,2,0.0,0.0,0.0,0.01,0.08
Adam Smith,0,32,28,25,2150,0,2,2,0.1,1.3,24,89,28,0.0,0.08,0.08,0.0,0.05
Emile Smith Rowe,4,23,13,3,353,0,1,1,2.0,0.2,11,23,18,0.0,0.25,0.25,0.5,0.06
Hrvoje Smolčić,0,22,11,3,347,1,0,1,1.0,0.0,0,14,0,0.26,0.0,0.26,0.26,0.01
Cédric Soares,0,31,3,0,62,0,0,0,0.0,0.0,0,3,6,0.0,0.0,0.0,0.0,0.0
Danilo Soares,0,31,5,3,351,0,0,0,0.0,0.1,3,15,8,0.0,0.0,0.0,0.01,0.03
Eduard Sobol,0,28,3,0,25,0,0,0,0.0,0.0,2,1,0,0.0,0.0,0.0,0.0,0.0
Rubén Sobrino,5,31,32,18,1646,0,1,1,1.8,2.3,27,34,78,0.0,0.05,0.05,0.1,0.12
Andrea Sodero,4,18,1,0,5,0,0,0,0.0,0.0,0,0,1,0.0,0.0,0.0,0.0,0.0
Emran Soglo,1,18,3,1,109,1,1,2,0.1,0.2,1,3,8,0.83,0.83,1.65,0.07,0.13
Alex Sola,5,24,29,14,1262,0,3,3,1.6,2.3,40,42,103,0.0,0.21,0.21,0.12,0.16
Alex Sola,1,24,2,0,30,0,0,0,0.0,0.0,1,1,0,0.0,0.0,0.0,0.0,0.0
Dominic Solanke,2,25,38,37,3325,19,3,22,19.6,3.0,52,60,184,0.51,0.08,0.6,0.53,0.08
Ola Solbakken,2,24,1,0,23,0,0,0,0.0,0.0,1,0,4,0.0,0.0,0.0,0.0,0.0
Carlos Soler,1,26,24,12,1090,2,2,4,1.5,2.4,15,74,59,0.17,0.17,0.33,0.12,0.2
Jhon Solis,4,18,18,2,384,0,0,0,1.0,0.3,9,22,13,0.0,0.0,0.0,0.24,0.07
Manor Solomon,2,24,5,2,199,0,2,2,0.4,0.8,17,11,44,0.0,0.9,0.9,0.19,0.38
Daniele Sommariva,3,26,1,0,5,0,0,0,0.0,0.0,0,0,0,0.0,0.0,0.0,0.0,0.0
Yann Sommer,3,34,34,34,3060,0,0,0,0.0,0.0,0,0,0,0.0,0.0,0.0,0.0,0.0
Brandon Soppy,0,21,5,2,178,0,0,0,0.0,0.1,9,6,3,0.0,0.0,0.0,0.0,0.04
David Soria,3,30,38,38,3413,0,0,0,0.0,0.0,0,0,0,0.0,0.0,0.0,0.0,0.0
Alberto Soro,4,24,1,0,8,0,0,0,0.0,0.0,0,0,0,0.0,0.0,0.0,0.0,0.51
Alessandro Sorrentino,3,21,7,5,548,0,0,0,0.0,0.0,0,0,0,0.0,0.0,0.0,0.0,0.0
Hugo Sotelo,4,19,17,8,721,0,1,1,0.3,1.6,16,55,13,0.0,0.12,0.12,0.04,0.19
Florian Sotoca,5,32,32,29,2598,7,6,13,9.1,6.5,56,156,253,0.24,0.21,0.45,0.32,0.22
Riccardo Sottil,2,24,22,13,1103,2,3,5,2.6,2.5,66,33,139,0.16,0.24,0.41,0.21,0.2
Tomáš Souček,4,28,37,34,2870,7,2,9,6.7,1.7,7,86,39,0.22,0.06,0.28,0.21,0.05
Matìas Soulé,5,20,36,36,3121,11,3,14,10.5,6.6,115,198,211,0.32,0.09,0.4,0.3,0.19
Boubakary Soumaré,4,24,28,26,2286,0,1,1,0.0,0.9,29,102,22,0.0,0.04,0.04,0.0,0.04
Issa Soumaré,5,22,7,3,237,0,0,0,0.4,0.6,4,4,18,0.0,0.0,0.0,0.14,0.24
Vinicius Souza,4,24,36,29,2668,1,0,1,0.6,0.2,7,66,21,0.03,0.0,0.03,0.02,0.01
Djibril Sow,4,26,24,18,1460,1,1,2,1.5,0.8,25,73,45,0.06,0.06,0.12,0.09,0.05
Saidou Sow,0,21,10,8,719,0,1,1,0.3,0.5,1,24,0,0.0,0.13,0.13,0.04,0.06
Çağlar Söyüncü,0,27,6,1,114,0,0,0,0.0,0.0,2,6,0,0.0,0.0,0.0,0.0,0.0
Djed Spence,0,22,16,8,859,0,0,0,0.2,0.3,17,25,31,0.0,0.0,0.0,0.02,0.03
Stijn Spierings,4,27,22,16,1516,0,1,1,0.4,0.6,16,157,22,0.0,0.06,0.06,0.02,0.03
Stijn Spierings,4,27,4,1,118,0,0,0,0.0,0.0,0,9,4,0.0,0.0,0.0,0.0,0.0
Leonardo Spinazzola,0,30,24,15,1312,1,2,3,0.2,3.0,108,52,74,0.07,0.14,0.21,0.02,0.21
Marco Sportiello,3,31,7,7,630,0,0,0,0.0,0.0,0,0,0,0.0,0.0,0.0,0.0,0.0
Anton Stach,4,24,31,26,2321,2,3,5,1.7,3.5,49,143,46,0.08,0.12,0.19,0.07,0.13
Anton Stach,4,24,2,2,170,0,0,0,0.2,0.1,3,8,10,0.0,0.0,0.0,0.1,0.06
Jens Stage,4,26,30,26,2327,3,1,4,4.4,1.9,24,85,60,0.12,0.04,0.15,0.17,0.07
Benjamin Stambouli,4,32,7,3,286,0,1,1,0.1,0.1,2,8,2,0.0,0.31,0.31,0.02,0.03
Josip Stanišić,0,23,20,13,1261,3,1,4,0.8,1.7,49,92,63,0.21,0.07,0.29,0.05,0.12
Carl Starfelt,0,28,27,26,2216,1,0,1,1.4,0.2,5,38,1,0.04,0.0,0.04,0.06,0.01
Niklas Stark,0,28,17,12,1088,2,0,2,0.2,0.0,5,37,1,0.17,0.0,0.17,0.02,0.0
Jason Steele,3,32,17,17,1530,0,0,0,0.0,0.0,0,0,0,0.0,0.0,0.0,0.0,0.0
Pascal Stenzel,0,27,23,14,1064,0,5,5,0.3,3.2,34,85,46,0.0,0.42,0.42,0.03,0.27
Leonidas Stergiou,0,21,15,6,594,1,0,1,0.4,0.4,6,17,22,0.15,0.0,0.15,0.05,0.06
Raheem Sterling,5,28,31,22,1978,8,4,12,6.5,4.5,120,78,242,0.36,0.18,0.55,0.29,0.2
Trivante Stewart,5,23,4,0,100,0,0,0,0.1,0.1,2,0,6,0.0,0.0,0.0,0.06,0.05
Angelo Stiller,4,22,1,1,84,0,0,0,0.1,0.0,2,7,3,0.0,0.0,0.0,0.09,0.03
Angelo Stiller,4,22,31,30,2694,1,5,6,1.6,5.1,37,220,71,0.03,0.17,0.2,0.05,0.17
Kevin Stöger,4,29,32,32,2668,7,10,17,6.2,9.9,81,283,139,0.24,0.34,0.57,0.21,0.33
Filip Stojilković,5,23,6,0,154,0,0,0,0.2,0.0,4,3,10,0.0,0.0,0.0,0.11,0.0
John Stones,1,29,16,12,1064,1,0,1,1.0,0.2,16,57,24,0.08,0.0,0.08,0.09,0.02
Thomas Strakosha,3,28,2,1,135,0,0,0,0.0,0.0,0,0,0,0.0,0.0,0.0,0.0,0.0
Jørgen Strand Larsen,2,23,37,36,2863,13,3,16,14.5,2.5,33,25,183,0.41,0.09,0.5,0.46,0.08
Gabriel Strefezza,2,26,19,13,1112,1,0,1,2.5,1.2,34,54,81,0.08,0.0,0.08,0.2,0.09
Kevin Strootman,4,33,27,15,1207,0,2,2,0.1,1.3,13,61,22,0.0,0.15,0.15,0.01,0.1
Cristhian Stuani,2,36,31,5,804,9,3,12,9.6,1.9,3,5,24,1.01,0.34,1.34,1.08,0.21
Álex Suárez,0,30,32,30,2562,2,0,2,1.2,0.2,12,109,15,0.07,0.0,0.07,0.04,0.01
Damián Suárez,0,35,16,15,1299,0,2,2,0.3,0.8,20,58,47,0.0,0.14,0.14,0.02,0.06
Denis Suárez,5,29,4,1,133,0,0,0,0.1,0.3,4,13,7,0.0,0.0,0.0,0.06,0.18
Gabriel Suazo,0,25,31,27,2357,0,4,4,0.7,3.0,44,114,166,0.0,0.15,0.15,0.03,0.12
Isaac Success,5,27,27,9,880,1,1,2,2.7,1.1,15,17,51,0.1,0.1,0.2,0.28,0.11
Niklas Süle,0,27,23,14,1514,1,0,1,0.4,0.2,19,83,9,0.06,0.0,0.06,0.03,0.01
Ibrahim Sulemana,4,20,21,16,1339,2,0,2,0.8,0.1,15,27,14,0.13,0.0,0.13,0.05,0.01
Tomáš Suslov,5,21,32,23,2092,3,5,8,3.5,3.6,46,64,74,0.13,0.22,0.34,0.15,0.15
Suso,5,29,29,15,1517,1,4,5,1.4,3.9,41,110,109,0.06,0.24,0.3,0.08,0.23
Mattias Svanberg,4,24,25,20,1715,1,3,4,3.0,2.3,28,84,52,0.05,0.16,0.21,0.15,0.12
Mile Svilar,3,23,15,15,1350,0,0,0,0.0,0.0,0,0,0,0.0,0.0,0.0,0.0,0.0
Williot Swedberg,5,19,15,4,439,5,0,5,2.3,0.2,7,6,26,1.03,0.0,1.03,0.47,0.04
Karol Świderski,5,26,15,3,504,2,0,2,1.7,0.4,3,13,19,0.36,0.0,0.36,0.31,0.08
Abakar Sylla,0,20,22,19,1792,2,0,2,1.6,0.5,8,72,2,0.1,0.0,0.1,0.08,0.02
Dembo Sylla,0,20,1,0,45,0,0,0,0.1,0.0,0,1,6,0.0,0.0,0.0,0.21,0.0
Mamadou Sylla,5,29,2,0,18,0,0,0,0.0,0.0,0,1,1,0.0,0.0,0.0,0.0,0.0
Attila Szalai,0,25,4,4,288,0,0,0,0.0,0.5,2,13,3,0.0,0.0,0.0,0.0,0.16
Attila Szalai,0,25,3,0,103,0,0,0,0.0,0.1,1,5,0,0.0,0.0,0.0,0.0,0.11
Wojciech Szczęsny,3,33,35,35,3150,0,0,0,0.0,0.0,0,0,0,0.0,0.0,0.0,0.0,0.0
Dominik Szoboszlai,4,22,33,25,2104,3,2,5,3.7,5.8,75,152,160,0.13,0.09,0.21,0.16,0.25
Przemysław Szymiński,4,29,1,0,9,0,0,0,0.0,0.0,0,0,0,0.0,0.0,0.0,0.0,0.0
Alexander Sørloth,2,27,34,30,2489,23,6,29,12.3,4.4,48,40,159,0.83,0.22,1.05,0.44,0.16
Musa Al-Taamari,2,26,27,24,1928,5,2,7,3.6,3.5,81,54,168,0.23,0.09,0.33,0.17,0.16
Nicolás Tagliafico,0,30,25,25,2123,3,1,4,2.6,1.0,32,105,119,0.13,0.04,0.17,0.11,0.04
Jonathan Tah,0,27,31,30,2631,4,1,5,2.1,0.3,17,133,4,0.14,0.03,0.17,0.07,0.01
Montassar Talbi,0,25,25,25,2204,0,0,0,0.6,0.2,15,88,7,0.0,0.0,0.0,0.02,0.01
Yassin Tallal,2,18,1,0,3,0,0,0,0.0,0.0,1,0,1,0.0,0.0,0.0,0.0,0.0
Adrien Tameze,1,29,29,25,2146,0,2,2,0.7,2.2,22,90,39,0.0,0.08,0.08,0.03,0.09
Renato Tapia,1,28,21,15,1337,0,0,0,1.0,0.6,9,61,14,0.0,0.0,0.0,0.07,0.04
Edmond Tapsoba,0,24,28,23,2087,0,1,1,1.0,1.0,49,164,12,0.0,0.04,0.04,0.04,0.04
Matt Targett,0,27,3,1,78,0,0,0,0.0,0.0,1,2,0,0.0,0.0,0.0,0.0,0.03
Oussama Targhalline,4,21,14,12,1025,0,0,0,0.2,0.4,27,70,15,0.0,0.0,0.0,0.02,0.03
James Tarkowski,0,30,38,38,3419,1,1,2,2.6,2.5,15,130,20,0.03,0.03,0.05,0.07,0.06
César Tárrega,0,21,1,0,8,0,0,0,0.0,0.0,0,0,0,0.0,0.0,0.0,0.0,0.0
Jimi Tauriainen,2,19,1,0,1,0,0,0,0.0,0.0,0,0,0,0.0,0.0,0.0,0.0,0.0
Nuno Tavares,0,23,8,5,457,0,0,0,0.2,0.5,14,24,12,0.0,0.0,0.0,0.03,0.1
Marcus Tavernier,2,24,30,25,2118,3,4,7,3.9,5.2,79,84,171,0.13,0.17,0.3,0.17,0.22
Elayis Tavsan,5,22,3,0,50,0,0,0,0.1,0.0,2,2,1,0.0,0.0,0.0,0.19,0.0
Charlie Taylor,0,29,28,25,2331,1,1,2,0.2,1.2,36,82,81,0.04,0.04,0.08,0.01,0.05
Marciano Tchami,5,19,6,0,43,0,0,0,0.0,0.0,1,1,3,0.0,0.0,0.0,0.06,0.1
Loum Tchaouna,5,19,33,23,2100,4,3,7,2.6,1.5,72,59,151,0.17,0.13,0.3,0.11,0.06
Jackson Tchatchoua,0,21,26,19,1725,0,2,2,0.0,1.3,34,53,66,0.0,0.1,0.1,0.0,0.07
Enzo Tchato,0,20,17,11,1125,0,0,0,0.3,0.3,26,46,57,0.0,0.0,0.0,0.03,0.03
Aurélien Tchouaméni,1,23,27,22,1987,3,1,4,1.3,0.9,28,111,15,0.14,0.05,0.18,0.06,0.04
Mathys Tel,5,18,30,6,1050,7,5,12,3.7,2.3,45,27,122,0.6,0.43,1.03,0.32,0.2
Nathan Tella,1,24,24,8,819,5,2,7,3.5,3.2,35,28,114,0.55,0.22,0.77,0.38,0.35
Nahuel Tenaglia,0,27,25,11,1141,1,0,1,0.6,0.5,17,45,24,0.08,0.0,0.08,0.05,0.04
Arnau Tenas,3,22,6,5,529,0,1,1,0.0,0.8,0,0,0,0.0,0.17,0.17,0.0,0.13
Marc-André ter Stegen,3,31,28,28,2520,0,0,0,0.0,0.1,0,1,0,0.0,0.0,0.0,0.0,0.0
Filippo Terracciano,0,20,18,14,1296,0,1,1,0.3,1.0,26,51,28,0.0,0.07,0.07,0.02,0.07
Pietro Terracciano,3,33,33,33,2970,0,0,0,0.0,0.2,0,0,0,0.0,0.0,0.0,0.0,0.01
Ramón Terrats,1,22,19,6,785,0,2,2,0.4,1.6,19,38,54,0.0,0.23,0.23,0.04,0.18
Martin Terrier,5,26,24,19,1527,7,3,10,5.2,2.6,28,58,112,0.41,0.18,0.59,0.31,0.15
Kenny Tete,0,27,14,10,867,1,0,1,0.9,0.4,20,54,38,0.1,0.0,0.1,0.09,0.04
Benjamin Tetteh,5,26,12,1,278,0,0,0,0.3,0.1,3,6,13,0.0,0.0,0.0,0.08,0.03
Teddy Teuma,4,29,28,25,2113,6,3,9,3.1,3.7,29,157,112,0.26,0.13,0.38,0.13,0.16
Florian Thauvin,2,30,29,19,1710,5,3,8,4.7,4.2,71,69,97,0.26,0.16,0.42,0.25,0.22
Arthur Theate,0,23,28,27,2296,2,0,2,1.9,0.8,33,151,24,0.08,0.0,0.08,0.07,0.03
Norman Theuerkauf,1,36,25,14,1259,0,1,1,0.4,0.8,15,46,17,0.0,0.07,0.07,0.03,0.06
Malick Thiaw,0,21,21,19,1619,0,1,1,0.6,0.1,15,70,1,0.0,0.06,0.06,0.03,0.01
Denis Thomalla,5,30,21,3,446,0,0,0,0.3,0.4,3,22,19,0.0,0.0,0.0,0.06,0.08
Luke Thomas,0,22,12,11,917,0,0,0,0.5,0.1,8,33,22,0.0,0.0,0.0,0.05,0.0
Adrien Thomasson,4,29,29,13,1193,1,2,3,3.8,3.9,20,68,121,0.08,0.15,0.23,0.29,0.29
Morten Thorsby,4,27,24,9,1157,2,2,4,1.8,1.4,6,28,39,0.16,0.16,0.31,0.14,0.11
Kristian Thorstvedt,4,24,34,30,2397,6,1,7,4.4,1.6,30,130,94,0.23,0.04,0.26,0.16,0.06
Khéphren Thuram,4,22,27,25,2108,1,1,2,3.4,3.7,67,104,57,0.04,0.04,0.09,0.14,0.16
Marcus Thuram,2,25,35,34,2687,13,7,20,14.3,3.7,68,47,192,0.44,0.23,0.67,0.48,0.12
Cheikh Tidiane Sabaly,5,24,29,17,1379,3,1,4,2.7,1.2,37,36,75,0.2,0.07,0.26,0.17,0.08
Youri Tielemans,5,26,32,17,1622,2,6,8,1.3,2.6,23,128,46,0.11,0.33,0.44,0.07,0.14
Kieran Tierney,0,26,20,14,1238,0,2,2,0.2,0.6,22,77,39,0.0,0.15,0.15,0.01,0.05
Phillip Tietz,2,26,34,31,2382,8,4,12,8.2,2.6,19,51,115,0.3,0.15,0.45,0.31,0.1
Steffen Tigges,2,25,25,6,727,3,0,3,2.6,1.6,9,10,48,0.37,0.0,0.37,0.32,0.19
Antonio Tikvić,0,19,1,0,1,0,0,0,0.0,0.0,0,0,0,0.0,0.0,0.0,0.0,0.0
Jurriën Timber,0,22,2,1,71,0,0,0,0.0,0.0,0,8,5,0.0,0.0,0.0,0.0,0.0
Jean-Clair Todibo,0,23,30,30,2651,0,2,2,0.6,1.6,32,150,11,0.0,0.07,0.07,0.02,0.06
Harry Toffolo,0,27,23,15,1459,1,3,4,1.6,1.5,10,42,34,0.06,0.19,0.25,0.1,0.1
Umut Tohumcu,4,18,20,12,1011,0,2,2,0.5,1.1,18,46,27,0.0,0.18,0.18,0.04,0.1
Corentin Tolisso,4,28,25,21,1741,2,1,3,3.2,1.8,30,153,67,0.1,0.05,0.16,0.17,0.09
Jeremy Toljan,0,28,25,24,2083,0,5,5,0.6,1.6,35,79,85,0.0,0.22,0.22,0.02,0.07
Rafael Tolói,0,32,18,10,965,0,0,0,0.1,0.1,8,53,10,0.0,0.0,0.0,0.0,0.01
Raúl de Tomás,2,28,25,15,1272,1,2,3,3.4,1.3,11,23,73,0.07,0.14,0.21,0.24,0.09
Tiago Tomás,5,21,26,11,1032,1,1,2,2.7,0.8,21,17,112,0.09,0.09,0.17,0.23,0.07
Takehiro Tomiyasu,0,24,22,10,1149,2,1,3,1.5,0.4,17,72,37,0.16,0.08,0.23,0.12,0.03
James Tomkins,0,34,4,0,10,0,0,0,0.0,0.0,0,1,0,0.0,0.0,0.0,0.0,0.0
Fikayo Tomori,0,25,26,24,2121,4,0,4,3.7,0.2,16,63,2,0.17,0.0,0.17,0.16,0.01
Sandro Tonali,4,23,8,5,438,1,0,1,0.7,0.6,11,19,21,0.21,0.0,0.21,0.13,0.13
Ivan Toney,2,27,17,16,1450,4,2,6,6.0,1.5,23,40,98,0.25,0.12,0.37,0.37,0.09
Pablo Torre,5,20,26,4,701,0,2,2,0.8,0.9,25,65,40,0.0,0.26,0.26,0.1,0.11
Raúl Torrente,0,21,17,14,1250,0,0,0,0.2,0.4,4,33,2,0.0,0.0,0.0,0.01,0.03
Ferrán Torres,2,23,29,12,1211,7,2,9,5.5,2.7,30,44,113,0.52,0.15,0.67,0.41,0.2
Óliver Torres,4,28,27,18,1616,0,1,1,0.5,2.2,40,96,110,0.0,0.06,0.06,0.03,0.12
Pau Torres,0,26,29,27,2464,2,0,2,1.0,0.4,42,128,16,0.07,0.0,0.07,0.04,0.02
Lucas Torró,4,29,28,21,1788,1,0,1,1.5,0.6,3,60,15,0.05,0.0,0.05,0.07,0.03
Ahmed Touba,0,25,6,3,277,0,0,0,0.0,0.0,0,2,1,0.0,0.0,0.0,0.01,0.0
Abdoulaye Touré,4,29,30,27,2284,2,0,2,3.0,0.9,22,148,25,0.08,0.0,0.08,0.12,0.04
Souleymane Touré,0,20,24,23,2051,1,1,2,1.7,0.4,24,73,25,0.04,0.04,0.09,0.08,0.02
Lucas Tousart,4,26,23,18,1572,0,0,0,1.5,0.9,15,51,33,0.0,0.0,0.0,0.09,0.05
Andros Townsend,5,32,27,14,1210,1,3,4,1.2,1.3,47,35,71,0.07,0.22,0.3,0.09,0.1
James Trafford,3,20,28,28,2520,0,0,0,0.0,0.0,0,6,0,0.0,0.0,0.0,0.0,0.0
Adama Traoré,5,27,17,1,377,2,3,5,1.5,0.7,29,16,48,0.48,0.72,1.19,0.36,0.17
Bertrand Traoré,4,27,11,6,568,1,0,1,0.9,0.4,29,30,63,0.16,0.0,0.16,0.15,0.06
Boubacar Traoré,4,21,24,7,819,0,0,0,0.3,0.4,9,29,15,0.0,0.0,0.0,0.03,0.04
Chaka Traorè,2,18,2,0,20,1,0,1,0.1,0.0,2,0,2,4.5,0.0,4.5,0.35,0.0
Daouda Traoré,4,17,1,0,16,0,0,0,0.1,0.0,1,1,0,0.0,0.0,0.0,0.34,0.0
Hamari Traoré,0,31,31,27,2292,0,2,2,0.5,1.5,49,129,83,0.0,0.08,0.08,0.02,0.06
Ismaël Traoré,0,36,26,25,2220,2,0,2,0.8,0.2,1,32,1,0.08,0.0,0.08,0.03,0.01
Omar Traoré,0,25,31,29,2472,0,2,2,0.3,1.3,61,78,91,0.0,0.07,0.07,0.01,0.05
Kevin Trapp,3,33,32,32,2880,0,0,0,0.0,0.0,0,1,0,0.0,0.0,0.0,0.0,0.0
Mark Travers,3,24,4,4,360,0,0,0,0.0,0.0,0,0,0,0.0,0.0,0.0,0.0,0.0
Óscar Trejo,5,35,31,19,1380,0,0,0,0.9,1.3,28,124,81,0.0,0.0,0.0,0.06,0.08
Mike Trésor,5,24,16,3,420,0,0,0,0.5,0.4,15,10,31,0.0,0.0,0.0,0.1,0.08
Manu Trigueros,4,31,14,2,309,0,0,0,0.5,0.2,7,20,13,0.0,0.0,0.0,0.13,0.07
Christopher Trimmel,0,36,26,19,1646,0,2,2,0.6,2.1,23,86,65,0.0,0.11,0.11,0.03,0.11
Kieran Trippier,0,32,28,26,2236,1,10,11,0.7,7.5,34,157,128,0.04,0.4,0.44,0.03,0.3
Leandro Trossard,5,28,34,18,1649,12,1,13,7.9,2.8,66,76,155,0.65,0.05,0.71,0.43,0.15
Adrien Truffert,0,21,30,24,2145,1,2,3,1.7,1.8,51,98,181,0.04,0.08,0.13,0.07,0.08
Auston Trusty,0,24,32,28,2572,0,0,0,0.4,1.1,10,40,15,0.0,0.0,0.0,0.01,0.04
Kostas Tsimikas,0,27,13,8,679,0,3,3,0.1,1.0,24,31,73,0.0,0.4,0.4,0.01,0.14
Viktor Tsyhankov,5,25,30,26,2052,8,7,15,6.2,5.9,65,89,226,0.35,0.31,0.66,0.27,0.26
Stefano Turati,3,21,31,31,2745,0,0,0,0.0,0.0,0,0,0,0.0,0.0,0.0,0.0,0.0
Matt Turner,3,29,17,17,1530,0,0,0,0.0,0.0,0,0,0,0.0,0.0,0.0,0.0,0.0
Beñat Turrientes,4,21,29,19,1687,0,1,1,1.2,0.5,26,51,31,0.0,0.05,0.05,0.06,0.03
Tuta,0,24,30,30,2600,1,2,3,1.4,2.1,22,138,46,0.03,0.07,0.1,0.05,0.07
Destiny Udogie,0,20,28,28,2391,2,3,5,2.4,2.2,83,155,138,0.08,0.11,0.19,0.09,0.08
Matthieu Udol,0,27,30,30,2700,3,3,6,1.4,3.1,46,98,86,0.1,0.1,0.2,0.05,0.1
Manuel Ugarte Ribeiro,4,22,25,21,1932,0,2,2,0.6,0.9,16,87,24,0.0,0.09,0.09,0.03,0.04
Lesley Ugochukwu,4,19,12,3,301,0,0,0,0.0,0.1,8,17,3,0.0,0.0,0.0,0.0,0.03
Sven Ulreich,3,34,11,11,990,0,0,0,0.0,0.0,0,0,0,0.0,0.0,0.0,0.0,0.0
Samuel Umtiti,0,29,6,2,185,0,0,0,0.0,0.0,0,8,0,0.0,0.0,0.0,0.0,0.0
Enes Ünal,5,26,16,2,328,2,2,4,2.9,1.0,4,7,28,0.55,0.55,1.1,0.8,0.28
Enes Ünal,5,26,3,1,140,0,1,1,0.1,0.4,2,1,7,0.0,0.64,0.64,0.06,0.24
Deniz Undav,5,27,30,23,2089,18,10,28,15.0,6.5,45,120,182,0.78,0.43,1.21,0.65,0.28
Dayot Upamecano,0,24,25,19,1762,1,0,1,1.7,0.5,28,137,10,0.05,0.0,0.05,0.08,0.02
Kacper Urbanski,5,18,22,9,926,0,1,1,1.1,0.8,25,31,78,0.0,0.1,0.1,0.1,0.08
Mark Uth,5,31,11,3,373,0,1,1,2.0,1.4,12,13,29,0.0,0.24,0.24,0.49,0.33
Myrto Uzuni,2,28,34,28,2448,11,1,12,12.9,2.6,21,18,90,0.4,0.04,0.44,0.48,0.09
Josha Vagnoman,0,22,18,12,1183,2,2,4,1.3,1.3,19,33,67,0.15,0.15,0.3,0.1,0.1
Óscar Valentín,4,28,34,32,2692,1,0,1,1.7,0.6,24,132,11,0.03,0.0,0.03,0.06,0.02
Emanuele Valeri,0,24,16,14,1178,0,1,1,0.9,2.4,38,41,61,0.0,0.08,0.08,0.07,0.19
Martin Valjent,0,27,28,28,2349,0,1,1,0.3,0.9,22,61,27,0.0,0.04,0.04,0.01,0.03
Jesús Vallejo,0,26,3,1,108,0,0,0,0.0,0.0,1,2,0,0.0,0.0,0.0,0.0,0.0
Álvaro Vallés,3,26,37,37,3263,0,0,0,0.0,0.0,0,5,0,0.0,0.0,0.0,0.0,0.0
Federico Valverde,4,25,37,33,2904,2,7,9,3.5,5.8,104,231,102,0.06,0.22,0.28,0.11,0.18
Kévin Van Den Kerkhof,5,27,29,21,1913,1,2,3,1.5,3.5,65,28,145,0.05,0.09,0.14,0.07,0.16
Siebe Van Der Heyden,0,25,6,4,286,0,0,0,0.2,0.0,1,1,1,0.0,0.0,0.0,0.05,0.0
Virgil van Dijk,0,32,36,36,3177,2,2,4,2.8,1.6,32,200,7,0.06,0.06,0.11,0.08,0.04
Vanderson,0,22,20,20,1641,3,1,4,2.1,1.4,26,71,129,0.16,0.05,0.22,0.12,0.08
Raphaël Varane,0,30,22,16,1375,1,0,1,1.3,0.1,16,59,2,0.07,0.0,0.07,0.08,0.0
Ruben Vargas,5,24,31,25,1962,4,5,9,3.9,2.4,57,77,145,0.18,0.23,0.41,0.18,0.11
Johan Vásquez,0,24,37,32,2850,1,1,2,1.9,0.8,29,81,61,0.03,0.03,0.06,0.06,0.03
José Luis García Vayá,4,24,37,37,3302,7,1,8,7.3,3.2,30,251,43,0.19,0.03,0.22,0.2,0.09
Borja Vázquez,2,18,1,0,4,0,0,0,0.0,0.1,0,1,1,0.0,0.0,0.0,0.0,1.7
Jesus Vazquez,1,20,20,6,716,1,0,1,1.2,0.1,13,15,29,0.13,0.0,0.13,0.15,0.02
Kevin Vázquez,0,30,12,10,700,0,0,0,0.0,0.2,6,28,20,0.0,0.0,0.0,0.0,0.02
Lucas Vázquez,0,32,29,14,1419,3,6,9,1.2,3.8,28,58,160,0.19,0.38,0.57,0.07,0.24
Matías Vecino,4,31,31,8,1153,6,1,7,3.7,0.4,16,74,43,0.47,0.08,0.55,0.29,0.03
Gabriel Veiga,2,21,1,0,18,0,0,0,0.0,0.0,0,0,1,0.0,0.0,0.0,0.0,0.0
Alejo Véliz,2,19,8,0,50,1,0,1,0.2,0.0,0,1,3,1.8,0.0,1.8,0.45,0.0
Alejo Véliz,2,19,6,0,35,0,0,0,0.2,0.0,0,0,1,0.0,0.0,0.0,0.58,0.0
Miloš Veljković,0,27,23,21,1920,2,1,3,1.7,0.8,16,89,13,0.09,0.05,0.14,0.08,0.04
Joël Veltman,0,31,27,17,1588,1,1,2,0.4,0.5,24,85,54,0.06,0.06,0.11,0.02,0.03
Micky van de Ven,0,22,27,27,2339,3,0,3,0.6,0.0,19,108,9,0.12,0.0,0.12,0.02,0.0
Lorenzo Venuti,0,28,14,3,364,0,0,0,0.1,0.3,7,16,15,0.0,0.0,0.0,0.02,0.07
Bart Verbruggen,3,20,21,21,1890,0,0,0,0.0,0.0,0,3,0,0.0,0.0,0.0,0.0,0.0
Simone Verdi,2,31,1,0,4,0,0,0,0.0,0.1,0,0,0,0.0,0.0,0.0,0.0,1.5
Jordan Veretout,4,30,29,24,2183,1,2,3,2.9,5.0,53,194,81,0.04,0.08,0.12,0.12,0.21
Arthur Vermeeren,4,18,5,2,162,0,0,0,0.0,0.1,2,7,7,0.0,0.0,0.0,0.0,0.04
Yorbe Vertessen,5,22,13,7,593,3,2,5,2.7,1.3,10,13,39,0.46,0.3,0.76,0.41,0.2
Mikel Vesga,4,30,27,18,1534,3,1,4,2.7,1.2,10,88,29,0.18,0.06,0.23,0.16,0.07
Guglielmo Vicario,3,26,38,38,3420,0,0,0,0.0,0.0,0,3,0,0.0,0.0,0.0,0.0,0.0
Carlos Vicente,2,24,18,12,1114,2,4,6,2.3,3.7,23,23,82,0.16,0.32,0.48,0.19,0.3
Nacho Vidal,0,28,8,5,416,0,0,0,1.0,0.2,5,15,31,0.0,0.0,0.0,0.23,0.04
Fabio Vieira,5,23,11,2,297,1,2,3,1.3,1.6,12,15,30,0.3,0.61,0.91,0.38,0.49
Fran Vieites,3,24,4,3,315,0,0,0,0.0,0.0,0,0,0,0.0,0.0,0.0,0.0,0.0
Jonathan Viera,5,33,9,7,617,2,1,3,2.3,1.0,26,65,37,0.29,0.15,0.44,0.33,0.14
Jonathan Viera,4,33,12,12,912,0,3,3,1.3,2.7,35,68,29,0.0,0.3,0.3,0.13,0.26
Emanuel Vignato,5,22,9,3,311,0,1,1,0.0,0.3,5,11,14,0.0,0.29,0.29,0.01,0.1
Samuele Vignato,5,19,10,3,343,1,0,1,1.7,0.2,13,13,20,0.26,0.0,0.26,0.44,0.04
Oscar Vilhelmsson,5,19,26,16,1374,4,1,5,4.1,0.7,16,7,72,0.26,0.07,0.33,0.27,0.04
Toni Villa,2,28,2,0,13,0,0,0,0.0,0.0,1,1,3,0.0,0.0,0.0,0.17,0.0
Asier Villalibre,2,25,18,4,513,2,1,3,1.7,1.0,6,10,29,0.35,0.18,0.53,0.3,0.17
Gonzalo Villar,4,25,35,21,1803,1,3,4,1.9,2.2,27,74,27,0.05,0.15,0.2,0.09,0.11
Iván Villar,3,26,12,12,1014,0,0,0,0.0,0.1,0,0,0,0.0,0.0,0.0,0.0,0.01
Matías Viña,0,25,15,13,1014,0,3,3,0.3,1.4,24,46,37,0.0,0.27,0.27,0.03,0.12
Carlos Vinícius,2,28,13,2,315,2,0,2,1.6,0.8,3,3,13,0.57,0.0,0.57,0.46,0.23
Nicolas Viola,5,33,26,11,1207,5,2,7,3.4,3.9,22,57,68,0.37,0.15,0.52,0.25,0.29
Alan Virginius,2,20,2,1,71,0,0,0,0.0,0.0,1,2,4,0.0,0.0,0.0,0.0,0.02
Alan Virginius,2,20,14,12,934,0,2,2,1.3,1.5,22,21,64,0.0,0.19,0.19,0.13,0.15
Ricardo Visus,0,22,3,1,166,0,0,0,0.0,0.0,0,2,0,0.0,0.0,0.0,0.0,0.0
Mattia Viti,0,21,15,12,979,1,0,1,1.0,0.0,2,36,13,0.09,0.0,0.09,0.09,0.0
Vitinha,5,23,9,2,285,2,0,2,1.1,0.1,10,4,21,0.63,0.0,0.63,0.36,0.04
Vitinha,2,23,18,10,923,3,2,5,5.1,2.9,15,23,84,0.29,0.2,0.49,0.5,0.28
Vitinha,4,23,28,23,2126,7,4,11,3.1,3.1,41,182,122,0.3,0.17,0.47,0.13,0.13
Vitinho,1,24,32,26,2314,0,2,2,1.6,1.3,59,66,110,0.0,0.08,0.08,0.06,0.05
Daniel Vivian,0,24,33,31,2878,0,0,0,0.6,0.7,23,123,4,0.0,0.0,0.0,0.02,0.02
Odisseas Vlachodimos,3,29,5,5,450,0,0,0,0.0,0.0,0,1,0,0.0,0.0,0.0,0.0,0.01
Dušan Vlahović,2,23,33,27,2307,16,4,20,16.6,2.3,36,46,174,0.62,0.16,0.78,0.65,0.09
Nikola Vlašić,5,25,33,30,2608,3,2,5,2.4,2.9,67,150,174,0.1,0.07,0.17,0.08,0.1
Alessandro Vogliacco,0,24,20,14,1169,0,1,1,0.4,0.5,8,49,12,0.0,0.08,0.08,0.03,0.04
Kevin Vogt,0,31,16,14,1319,0,0,0,0.7,0.1,16,84,12,0.0,0.0,0.0,0.05,0.01
Kevin Vogt,0,31,16,16,1323,0,0,0,0.0,0.0,1,41,1,0.0,0.0,0.0,0.0,0.0
Mërgim Vojvoda,0,28,28,15,1379,0,3,3,0.4,1.4,30,91,72,0.0,0.2,0.2,0.02,0.09
Kevin Volland,5,31,26,17,1345,3,4,7,5.3,2.6,14,48,96,0.2,0.27,0.47,0.36,0.18
Cristian Volpato,5,19,22,5,645,1,0,1,0.5,1.4,34,53,49,0.14,0.0,0.14,0.07,0.19
Aster Vranckx,4,20,24,12,1153,0,0,0,0.1,0.3,3,48,9,0.0,0.0,0.0,0.01,0.02
Stefan de Vrij,0,31,25,17,1586,1,0,1,0.6,0.3,6,43,2,0.06,0.0,0.06,0.03,0.02
Elye Wahi,2,20,1,0,14,0,0,0,0.0,0.6,1,1,2,0.0,0.0,0.0,0.0,4.23
Elye Wahi,2,20,27,20,1692,9,3,12,11.5,2.6,52,15,171,0.48,0.16,0.64,0.61,0.14
Walace,4,28,37,37,3238,2,0,2,0.8,1.1,37,127,22,0.06,0.0,0.06,0.02,0.03
Luca Waldschmidt,5,27,22,14,1146,3,0,3,2.9,1.2,30,46,61,0.24,0.0,0.24,0.23,0.09
Kyle Walker,0,33,32,30,2767,0,4,4,0.4,2.6,74,157,172,0.0,0.13,0.13,0.01,0.09
Sebastian Walukiewicz,0,23,27,23,2055,0,0,0,0.1,0.1,14,45,5,0.0,0.0,0.0,0.01,0.0
Aaron Wan-Bissaka,0,25,22,20,1780,0,2,2,0.1,1.5,30,77,54,0.0,0.1,0.1,0.01,0.08
Joel Ward,0,33,26,23,1980,0,1,1,0.9,0.2,16,66,14,0.0,0.05,0.05,0.04,0.01
James Ward-Prowse,4,28,37,34,3001,7,7,14,6.0,7.8,18,144,63,0.21,0.21,0.42,0.18,0.23
Lewis Warrington,2,20,1,0,1,0,0,0,0.0,0.0,0,0,0,0.0,0.0,0.0,0.0,0.0
Kjell-Arik Wätjen,5,17,2,1,105,0,1,1,0.0,1.2,3,8,1,0.0,0.86,0.86,0.0,1.02
Ollie Watkins,2,27,37,37,3217,19,13,32,16.8,7.3,62,55,214,0.53,0.36,0.9,0.47,0.21
Adam Webster,0,28,15,13,1144,0,0,0,0.4,0.1,16,80,2,0.0,0.0,0.0,0.03,0.01
Wout Weghorst,2,30,28,24,1977,7,3,10,7.2,3.5,14,57,132,0.32,0.14,0.46,0.33,0.16
Julian Weigl,4,27,31,31,2764,2,3,5,2.4,2.1,14,105,14,0.07,0.1,0.16,0.08,0.07
Nelson Weiper,5,18,5,1,124,0,0,0,0.5,0.2,6,2,20,0.0,0.0,0.0,0.35,0.11
Mitchell Weiser,1,29,30,30,2636,3,7,10,3.8,4.2,81,111,189,0.1,0.24,0.34,0.13,0.14
Shon Weissman,2,27,5,0,82,0,0,0,0.0,0.0,1,1,1,0.0,0.0,0.0,0.04,0.0
Danny Welbeck,5,32,29,21,1693,5,1,6,5.3,1.7,32,44,100,0.27,0.05,0.32,0.28,0.09
Timo Werner,2,27,13,10,809,2,3,5,3.7,2.7,79,41,124,0.22,0.33,0.56,0.41,0.3
Timo Werner,5,27,8,2,207,2,0,2,2.4,0.0,10,6,32,0.87,0.0,0.87,1.02,0.02
Adam Wharton,4,19,16,15,1297,0,3,3,0.3,2.4,14,79,10,0.0,0.21,0.21,0.02,0.17
Ethan Wheatley,2,17,3,0,16,0,0,0,0.0,0.0,0,0,1,0.0,0.0,0.0,0.0,0.0
Ben White,0,25,37,35,2988,4,4,8,1.2,3.8,44,192,162,0.12,0.12,0.24,0.03,0.11
Joe White,4,20,4,0,13,0,0,0,0.0,0.0,2,3,3,0.0,0.0,0.0,0.0,0.0
Silvan Widmer,0,30,20,13,1242,1,3,4,1.4,3.5,31,54,63,0.07,0.22,0.29,0.1,0.25
Mateusz Wieteska,0,26,19,10,965,0,1,1,0.3,0.6,16,33,1,0.0,0.09,0.09,0.03,0.05
Mateusz Wieteska,0,26,2,2,174,1,0,1,0.1,0.0,0,6,1,0.52,0.0,0.52,0.05,0.0
Iñaki Williams,2,29,34,32,2844,12,3,15,9.4,6.3,114,78,333,0.38,0.09,0.47,0.3,0.2
Neco Williams,0,22,26,18,1637,0,1,1,0.8,1.6,48,47,86,0.0,0.05,0.05,0.04,0.09
Nico Williams,2,21,31,29,2263,5,11,16,6.0,5.7,143,66,302,0.2,0.44,0.64,0.24,0.22
Willian,2,34,31,24,2053,4,2,6,5.1,3.9,92,153,181,0.18,0.09,0.26,0.22,0.17
Joe Willock,4,23,9,5,419,1,0,1,0.8,0.6,16,17,26,0.21,0.0,0.21,0.17,0.12
Callum Wilson,2,31,20,9,991,9,1,10,8.8,0.6,11,9,77,0.82,0.09,0.91,0.8,0.05
Harry Wilson,2,26,35,16,1620,4,6,10,3.4,3.5,41,60,130,0.22,0.33,0.56,0.19,0.19
Josh Wilson-Esbrand,1,20,11,5,461,1,1,2,0.1,1.0,11,19,20,0.2,0.2,0.39,0.03,0.19
Patrick Wimmer,5,22,14,8,589,2,0,2,1.4,0.1,8,15,44,0.31,0.0,0.31,0.22,0.02
Jonas Wind,2,24,34,31,2651,11,7,18,9.4,5.1,17,88,115,0.37,0.24,0.61,0.32,0.17
Florian Wirtz,4,20,32,26,2372,11,11,22,8.9,7.5,138,224,306,0.42,0.42,0.83,0.34,0.29
Yoane Wissa,2,26,34,29,2493,12,3,15,10.6,3.9,45,48,150,0.43,0.11,0.54,0.38,0.14
Axel Witsel,0,34,35,30,2783,2,0,2,1.0,0.3,17,89,8,0.06,0.0,0.06,0.03,0.01
Maximilian Wöber,0,25,25,24,2066,2,3,5,1.3,1.6,32,128,23,0.09,0.13,0.22,0.06,0.07
Marius Wolf,0,28,22,12,1166,0,1,1,0.6,1.6,36,59,79,0.0,0.08,0.08,0.04,0.13
Nick Woltemade,5,21,30,12,1189,2,0,2,2.4,1.7,21,43,80,0.15,0.0,0.15,0.18,0.13
Jeong Woo-yeong,5,23,26,5,633,2,3,5,1.8,1.6,23,22,54,0.28,0.43,0.71,0.25,0.22
Chris Wood,2,31,31,20,1812,14,1,15,11.9,2.1,16,30,76,0.7,0.05,0.75,0.59,0.1
Cauley Woodrow,5,28,24,2,427,1,1,2,1.4,1.2,7,6,22,0.21,0.21,0.42,0.3,0.25
Christopher Wooh,0,21,18,15,1388,1,0,1,1.3,0.7,8,61,4,0.06,0.0,0.06,0.09,0.04
Joe Worrall,0,26,7,5,439,0,0,0,0.1,0.2,0,8,1,0.0,0.0,0.0,0.02,0.04
Xeber,5,26,10,3,302,0,0,0,0.4,0.6,6,6,30,0.0,0.0,0.0,0.11,0.19
Granit Xhaka,4,30,33,32,2821,3,0,3,1.8,2.7,60,392,53,0.1,0.0,0.1,0.06,0.09
Antal Yaakobishvili,0,19,1,0,61,0,0,0,0.0,0.3,0,0,0,0.0,0.0,0.0,0.0,0.37
Lamine Yamal,2,16,37,22,2201,5,5,10,5.2,6.2,123,80,350,0.2,0.2,0.41,0.21,0.25
Roman Yaremchuk,2,27,25,11,928,3,0,3,4.6,0.1,12,20,46,0.29,0.0,0.29,0.45,0.01
Yehor Yarmoliuk,4,19,27,6,688,0,0,0,1.0,0.1,13,35,36,0.0,0.0,0.0,0.13,0.01
Ryan Yates,4,25,35,21,1992,1,1,2,2.6,0.8,18,73,37,0.05,0.05,0.09,0.12,0.04
Yusuf Yazıcı,5,26,27,16,1312,5,2,7,5.4,1.9,31,48,90,0.34,0.14,0.48,0.37,0.13
Kelvin Yeboah,2,23,13,0,276,0,0,0,0.5,0.3,9,5,25,0.0,0.0,0.0,0.15,0.08
Bertuğ Yıldırım,2,21,21,2,469,0,1,1,1.4,0.7,9,11,29,0.0,0.19,0.19,0.27,0.13
Darlin Yongwa,0,22,22,11,1159,1,1,2,0.7,1.4,39,43,81,0.08,0.08,0.16,0.06,0.1
Leny Yoro,0,17,32,30,2673,2,0,2,1.5,0.1,8,68,3,0.07,0.0,0.07,0.05,0.0
Ashley Young,1,38,31,27,2280,0,0,0,0.6,1.5,40,82,61,0.0,0.0,0.0,0.02,0.06
Etienne Youte Kinkoue,0,21,22,22,1941,0,0,0,0.4,0.1,12,31,3,0.0,0.0,0.0,0.02,0.0
Illia Zabarnyi,0,20,37,37,3330,1,0,1,1.1,0.4,24,109,1,0.03,0.0,0.03,0.03,0.01
Mattia Zaccagni,5,28,28,24,1956,6,1,7,4.7,2.9,88,55,209,0.28,0.05,0.32,0.22,0.13
Dan-Axel Zagadou,0,24,19,16,1453,1,0,1,1.0,0.3,2,75,3,0.06,0.0,0.06,0.06,0.02
Yoram Zague,0,17,5,4,373,1,0,1,0.3,0.5,2,13,4,0.24,0.0,0.24,0.07,0.11
Warren Zaïre-Emery,1,17,26,21,1962,2,3,5,1.4,3.2,54,116,90,0.09,0.14,0.23,0.06,0.14
Denis Zakaria,1,26,25,24,2137,4,0,4,1.4,1.1,27,107,23,0.17,0.0,0.17,0.06,0.05
Arsen Zakharyan,5,20,29,15,1228,1,2,3,2.4,2.1,28,47,88,0.07,0.15,0.22,0.18,0.15
Joseba Zaldúa,0,31,13,9,704,0,0,0,0.0,0.5,7,15,33,0.0,0.0,0.0,0.0,0.07
Andre-Frank Zambo Anguissa,4,27,34,32,2786,0,2,2,3.4,3.0,43,163,139,0.0,0.06,0.06,0.11,0.1
Nicolò Zaniolo,5,24,25,9,839,2,0,2,2.6,1.0,35,30,60,0.21,0.0,0.21,0.28,0.11
Alessandro Zanoli,0,22,17,10,921,0,2,2,0.2,1.8,27,28,45,0.0,0.2,0.2,0.02,0.17
Duván Zapata,2,32,35,34,2880,12,4,16,10.9,3.0,74,52,242,0.37,0.12,0.5,0.34,0.09
Duván Zapata,2,32,2,2,112,1,0,1,0.4,0.1,3,3,13,0.8,0.0,0.8,0.33,0.1
Gabriele Zappa,0,23,38,25,2561,1,3,4,1.5,3.3,35,99,84,0.04,0.11,0.14,0.05,0.12
Davide Zappacosta,0,31,31,23,1867,2,1,3,2.2,1.4,67,78,132,0.1,0.05,0.14,0.11,0.07
Bryan Zaragoza,5,22,21,18,1638,6,2,8,3.8,3.3,100,36,127,0.33,0.11,0.44,0.21,0.18
Bryan Zaragoza,5,22,7,1,183,0,0,0,0.5,0.2,14,9,28,0.0,0.0,0.0,0.23,0.11
Anass Zaroury,5,22,6,1,152,0,0,0,0.2,0.0,2,2,12,0.0,0.0,0.0,0.1,0.02
Oier Zarraga,4,24,15,4,404,2,0,2,0.6,0.0,5,8,10,0.45,0.0,0.45,0.13,0.01
Mehdi Zeffane,1,31,23,15,1231,0,0,0,1.4,0.4,14,53,48,0.0,0.0,0.0,0.1,0.03
Jordan Zemura,0,23,27,10,1038,1,0,1,0.8,0.4,23,32,52,0.09,0.0,0.09,0.07,0.03
Robin Zentner,3,28,30,30,2700,0,0,0,0.0,0.0,0,1,0,0.0,0.0,0.0,0.0,0.0
Kevin Zeroli,4,18,3,0,28,0,0,0,0.0,0.0,0,1,2,0.0,0.0,0.0,0.0,0.0
Cedric Zesiger,0,25,23,18,1634,0,0,0,1.3,0.0,14,81,3,0.0,0.0,0.0,0.07,0.0
Michael Zetterer,3,28,27,27,2430,0,0,0,0.1,0.2,0,3,0,0.0,0.0,0.0,0.0,0.01
Nathan Zeze,0,18,13,11,1022,0,0,0,0.3,0.0,1,30,2,0.0,0.0,0.0,0.03,0.0
Edon Zhegrova,2,24,33,25,2288,6,6,12,6.2,6.2,110,90,322,0.24,0.24,0.47,0.24,0.24
Piotr Zieliński,4,29,28,23,1924,3,2,5,2.6,3.4,38,131,88,0.14,0.09,0.23,0.12,0.16
David Zima,0,22,5,0,91,0,0,0,0.0,0.0,1,1,0,0.0,0.0,0.0,0.0,0.0
Christoph Zimmermann,0,30,19,12,1220,0,0,0,0.3,0.1,7,34,1,0.0,0.0,0.0,0.02,0.0
Oleksandr Zinchenko,0,26,27,20,1722,1,2,3,0.6,2.5,40,229,58,0.05,0.1,0.16,0.03,0.13
Joshua Zirkzee,2,22,34,32,2759,11,4,15,9.0,5.2,53,86,182,0.36,0.13,0.49,0.29,0.17
Luc Zogbé,0,18,1,0,11,0,0,0,0.0,0.0,0,0,0,0.0,0.0,0.0,0.0,0.0
Simon Zoller,5,32,1,0,45,0,0,0,0.0,0.0,0,0,0,0.0,0.0,0.0,0.0,0.0
Nadir Zortea,0,24,14,14,1258,1,5,6,0.4,2.8,31,42,71,0.07,0.36,0.43,0.03,0.2
Nadir Zortea,0,24,5,0,149,1,0,1,0.1,0.3,7,10,22,0.6,0.0,0.6,0.05,0.16
Kurt Zouma,0,28,33,32,2838,3,0,3,1.8,0.2,7,53,1,0.1,0.0,0.1,0.06,0.01
Igor Zubeldia,0,26,30,29,2518,0,2,2,0.8,1.1,28,129,0,0.0,0.07,0.07,0.03,0.04
Martín Zubimendi,4,24,31,29,2654,4,1,5,2.7,1.5,34,152,27,0.14,0.03,0.17,0.09,0.05
Szymon Żurkowski,4,25,13,10,868,4,0,4,1.0,0.1,17,20,37,0.41,0.0,0.41,0.1,0.01
Lovro Zvonarek,5,18,5,1,163,1,0,1,0.1,0.2,7,7,9,0.55,0.0,0.55,0.04,0.12
Martin Ødegaard,4,24,35,35,3091,8,10,18,7.4,9.6,91,344,202,0.23,0.29,0.52,0.22,0.28
Milan Đurić,2,33,20,13,1204,5,1,6,4.5,1.2,3,15,33,0.37,0.07,0.45,0.34,0.09
Milan Đurić,2,33,17,13,1257,4,1,5,3.0,0.7,2,8,31,0.29,0.07,0.36,0.21,0.05
Mateusz Łęgowski,4,20,29,10,1145,0,0,0,0.2,0.2,16,37,17,0.0,0.0,0.0,0.02,0.02
